filename,vertices,edges,automorphism,original,CRGt10,CRGt100,CRGt1000
CHH_cc(1-1)_22-1,22,33,12.000000*10^0,12,39,265,2546
CHH_cc(1-1)_22-2,22,33,12.000000*10^0,9,32,271,2523
CHH_cc(2-1)_44-1,44,75,144.000000*10^0,21,72,522,5022
CHH_cc(2-1)_44-2,44,75,288.000000*10^0,19,71,521,5021
CHH_cc(2-2)_88-1,88,154,41472.000000*10^0,61,157,967,9067
CHH_cc(2-2)_88-2,88,154,41472.000000*10^0,63,179,989,9089
CHH_cc(3-2)_132-1,132,261,23887872.000000*10^0,186,270,1440,13140
CHH_cc(3-2)_132-2,132,261,11943936.000000*10^0,170,282,1470,13170
CHH_cc(3-3)_198-1,198,405,24.766946*10^10,356,478,2188,19288
CHH_cc(3-3)_198-2,198,405,8.255649*10^10,364,510,2276,19374
CHH_cc(4-3)_264-1,264,606,342378.257213*10^10,624,760,2996,25496
CHH_cc(4-3)_264-2,264,606,171189.128607*10^10,656,873,3123,25599
CHH_cc(4-4)_352-1,352,840,11.359289*10^20,2371,1707,4195,33859
CHH_cc(4-4)_352-2,352,840,4.259733*10^20,1957,1843,4486,33978
CHH_cc(5-4)_440-1,440,1170,19079243.328814*10^20,2586,2856,5553,42311
CHH_cc(5-4)_440-2,440,1170,4769810.832203*10^20,3095,2742,5754,42654
CHH_cc(5-5)_550-1,550,1525,28485.157656*10^30,8332,3359,8380,53119
CHH_cc(5-5)_550-2,550,1525,5697.031531*10^30,6853,4446,10791,53374
CHH_cc(6-5)_660-1,660,2025,172.238856*10^40,70026,30967,13695,64989
CHH_cc(6-5)_660-2,660,2025,45.930361*10^40,85078,17262,18315,64886
CHH_cc(6-6)_792-1,792,2538,11.108933*10^50,2382249,106825,25321,90535
CHH_cc(6-6)_792-2,792,2538,2.468652*10^50,4173564,62971,20373,160399
CHH_cc(7-6)_924-1,924,3255,13.586881*10^60,1814509,1979389,718964,198426
CHH_cc(7-6)_924-2,924,3255,2.264480*10^60,2427484,2080939,744130,290660
CHH_cc(7-7)_1078-1,1078,3969,49.073726*10^70,65022486,3447137,1756358,269422
CHH_cc(7-7)_1078-2,1078,3969,7.010532*10^70,26402906,3534868,1355193,185188
ag2-11,253,1452,1597200.000000*10^0,13,56,416,4016
ag2-13,351,2366,4429152.000000*10^0,13,56,416,4016
ag2-16,528,4352,62668800.000000*10^0,82,348,798,5298
ag2-17,595,5202,22639104.000000*10^0,13,58,418,4018
ag2-19,741,7220,44446320.000000*10^0,13,56,416,4016
ag2-2,10,12,24.000000*10^0,7,37,307,3007
ag2-23,1081,12696,141331872.000000*10^0,13,58,418,4018
ag2-25,1275,16250,468000000.000000*10^0,38,125,575,5075
ag2-27,1485,20412,1117679472.000000*10^0,268,732,1056,5556
ag2-29,1711,25230,573629280.000000*10^0,13,56,416,4016
ag2-3,21,36,432.000000*10^0,13,56,416,4016
ag2-31,1953,30752,857980800.000000*10^0,13,58,418,4018
ag2-32,2080,33792,5195857920.000000*10^0,256,502,994,5567
ag2-37,2775,52022,2494558944.000000*10^0,13,56,416,4016
ag2-4,36,80,5760.000000*10^0,20,74,524,5024
ag2-41,3403,70602,4631491200.000000*10^0,13,58,418,4018
ag2-43,3741,81356,6171015312.000000*10^0,13,58,418,4018
ag2-47,4465,106032,1.054509*10^10,13,58,418,4018
ag2-49,4851,120050,2.710633*10^10,51,129,590,5090
ag2-5,55,150,12000.000000*10^0,13,56,416,4016
ag2-7,105,392,98784.000000*10^0,13,58,418,4018
ag2-8,136,576,677376.000000*10^0,33,92,564,5064
ag2-9,171,810,933120.000000*10^0,29,85,535,5035
cfi-100,1000,1500,225179.981369*10^10,2426,2462,6168,47092
cfi-102,1020,1530,450359.962737*10^10,2246,2600,6599,48250
cfi-104,1040,1560,900719.925474*10^10,2541,2244,6581,49243
cfi-106,1060,1590,1801439.850948*10^10,2430,2777,6756,49824
cfi-108,1080,1620,3602879.701896*10^10,1964,2519,6913,50695
cfi-110,1100,1650,7205759.403793*10^10,3007,2819,7302,51813
cfi-112,1120,1680,14411518.807586*10^10,3208,3022,7307,52960
cfi-114,1140,1710,28823037.615171*10^10,2955,2813,7274,53457
cfi-116,1160,1740,57646075.230342*10^10,3506,2851,7564,54528
cfi-118,1180,1770,115292150.460685*10^10,3003,3565,7504,55523
cfi-120,1200,1800,230584300.921369*10^10,3161,3085,7886,56082
cfi-122,1220,1830,461168601.842739*10^10,3627,3332,7974,57415
cfi-124,1240,1860,922337203.685478*10^10,3025,3118,8053,58267
cfi-126,1260,1890,1844674407.370955*10^10,3264,3606,8671,59543
cfi-128,1280,1920,3689348814.741910*10^10,3441,3952,8660,59928
cfi-130,1300,1950,7378697629.483821*10^10,4017,3516,8988,61127
cfi-132,1320,1980,2.951479*10^20,3188,4220,8898,62268
cfi-134,1340,2010,2.951479*10^20,4118,4072,8786,63079
cfi-136,1360,2040,5.902958*10^20,4778,4618,9674,63787
cfi-138,1380,2070,11.805916*10^20,4388,4521,9083,65181
cfi-140,1400,2100,23.611832*10^20,4567,4357,9822,66269
cfi-142,1420,2130,47.223665*10^20,3632,4242,9686,66990
cfi-144,1440,2160,94.447330*10^20,4224,4595,10436,68084
cfi-146,1460,2190,188.894659*10^20,3943,5113,10027,68796
cfi-148,1480,2220,377.789319*10^20,4849,4674,10368,70030
cfi-150,1500,2250,755.578637*10^20,4937,4389,10410,70311
cfi-152,1520,2280,1511.157275*10^20,4724,4926,10707,71364
cfi-154,1540,2310,3022.314549*10^20,5148,5082,10685,72800
cfi-156,1560,2340,6044.629098*10^20,4145,5641,10543,73596
cfi-158,1580,2370,12089.258196*10^20,5897,4469,10860,74515
cfi-160,1600,2400,24178.516392*10^20,5838,5631,11362,75916
cfi-162,1620,2430,48357.032785*10^20,4848,5711,11047,76282
cfi-164,1640,2460,96714.065569*10^20,4945,5716,11530,77402
cfi-166,1660,2490,193428.131138*10^20,5310,5071,11664,77871
cfi-168,1680,2520,386856.262277*10^20,5817,5497,11709,79467
cfi-170,1700,2550,773712.524553*10^20,5610,5900,12790,80292
cfi-172,1720,2580,1547425.049107*10^20,4963,6248,13220,82117
cfi-174,1740,2610,3094850.098213*10^20,6196,6108,12897,82671
cfi-176,1760,2640,6189700.196427*10^20,6900,6835,13022,83462
cfi-178,1780,2670,12379400.392854*10^20,6840,6222,14117,83554
cfi-180,1800,2700,24758800.785708*10^20,6017,6683,12617,84803
cfi-182,1820,2730,49517601.571415*10^20,6824,6975,13492,86231
cfi-184,1840,2760,99035203.142830*10^20,7906,7115,13143,87020
cfi-186,1860,2790,198070406.285661*10^20,6882,7295,13435,87655
cfi-188,1880,2820,396140812.571322*10^20,6636,8066,13983,90228
cfi-190,1900,2850,792281625.142643*10^20,7439,6371,14833,90109
cfi-192,1920,2880,1584563250.285287*10^20,6816,6706,14898,91796
cfi-194,1940,2910,3169126500.570574*10^20,9909,6520,15633,92017
cfi-196,1960,2940,6338253001.141148*10^20,7798,8216,15630,92509
cfi-198,1980,2970,1.267651*10^30,8362,8666,14874,94263
cfi-20,200,300,2048.000000*10^0,154,257,1132,9820
cfi-200,2000,3000,2.535301*10^30,9157,8228,15103,95288
cfi-22,220,330,4096.000000*10^0,209,323,1306,11468
cfi-24,240,360,8192.000000*10^0,258,336,1387,12161
cfi-26,260,390,16384.000000*10^0,345,355,1486,12931
cfi-28,280,420,32768.000000*10^0,261,412,1609,13864
cfi-30,300,450,65536.000000*10^0,314,468,1778,15367
cfi-32,320,480,131072.000000*10^0,363,466,1872,15735
cfi-34,340,510,262144.000000*10^0,339,526,1936,16523
cfi-36,360,540,524288.000000*10^0,420,567,2121,17965
cfi-38,380,570,1048576.000000*10^0,442,574,2171,18231
cfi-40,400,600,2097152.000000*10^0,399,564,2253,19207
cfi-42,420,630,4194304.000000*10^0,503,655,2439,20395
cfi-44,440,660,8388608.000000*10^0,531,687,2573,21525
cfi-46,460,690,16777216.000000*10^0,599,751,2665,21964
cfi-48,480,720,33554432.000000*10^0,587,890,2840,23288
cfi-50,500,750,67108864.000000*10^0,615,945,3050,24067
cfi-52,520,780,134217728.000000*10^0,706,942,3043,24908
cfi-54,540,810,268435456.000000*10^0,771,931,3127,25413
cfi-56,560,840,536870912.000000*10^0,794,1048,3226,26541
cfi-58,580,870,1073741824.000000*10^0,840,1175,3369,27362
cfi-60,600,900,2147483648.000000*10^0,977,1056,3536,28569
cfi-62,620,930,4294967296.000000*10^0,918,1136,3724,29588
cfi-64,640,960,8589934592.000000*10^0,999,1238,3894,30317
cfi-66,660,990,1.717987*10^10,1126,1272,3916,30825
cfi-68,680,1020,3.435974*10^10,1017,1323,4022,31794
cfi-70,700,1050,6.871948*10^10,1192,1423,4188,32932
cfi-72,720,1080,13.743895*10^10,1496,1397,4371,33917
cfi-74,740,1110,27.487791*10^10,1230,1574,4481,34468
cfi-76,760,1140,54.975581*10^10,1327,1648,4538,35594
cfi-78,780,1170,109.951163*10^10,1318,1501,4768,36346
cfi-80,800,1200,219.902326*10^10,1203,1707,4898,37483
cfi-82,820,1230,439.804651*10^10,1291,1732,5136,38991
cfi-84,840,1260,879.609302*10^10,1688,1803,5153,39568
cfi-86,860,1290,1759.218604*10^10,1686,1818,5199,40587
cfi-88,880,1320,3518.437209*10^10,1469,2251,5553,41423
cfi-90,900,1350,7036.874418*10^10,1832,2184,5601,42494
cfi-92,920,1380,14073.748836*10^10,1771,2018,5658,42761
cfi-94,940,1410,28147.497671*10^10,1968,2598,5922,44034
cfi-96,960,1440,56294.995342*10^10,1789,2212,6139,44827
cfi-98,980,1470,112589.990684*10^10,1933,2563,6251,45740
cmz-10,240,380,20971520.000000*10^0,12417,12726,14616,33516
cmz-11,264,418,92274688.000000*10^0,26777,27243,29313,50013
cmz-12,288,456,402653184.000000*10^0,57523,58279,60529,83029
cmz-13,312,494,1744830464.000000*10^0,123087,124468,126898,151198
cmz-14,336,532,7516192768.000000*10^0,262381,265009,267619,293719
cmz-15,360,570,3.221225*10^10,557325,562601,565391,593291
cmz-16,384,608,13.743895*10^10,1179951,1190795,1193765,1223465
cmz-17,408,646,58.411555*10^10,2490707,2513251,2516401,2547901
cmz-18,432,684,247.390116*10^10,5243257,5290349,5293679,5326979
cmz-19,456,722,1044.536046*10^10,11010465,11109010,11112520,11147620
cmz-20,480,760,4398.046511*10^10,23069131,23275155,23278845,23315745
grid-2-10,100,180,8.000000*10^0,4,24,204,2004
grid-2-100,10000,19800,8.000000*10^0,4,24,204,2004
grid-2-15,225,420,8.000000*10^0,4,24,204,2004
grid-2-20,400,760,8.000000*10^0,4,24,204,2004
grid-2-25,625,1200,8.000000*10^0,4,24,204,2004
grid-2-30,900,1740,8.000000*10^0,4,24,204,2004
grid-2-35,1225,2380,8.000000*10^0,4,24,204,2004
grid-2-40,1600,3120,8.000000*10^0,4,24,204,2004
grid-2-45,2025,3960,8.000000*10^0,4,24,204,2004
grid-2-5,25,40,8.000000*10^0,4,24,204,2004
grid-2-50,2500,4900,8.000000*10^0,4,24,204,2004
grid-2-55,3025,5940,8.000000*10^0,4,25,205,2005
grid-2-60,3600,7080,8.000000*10^0,4,24,204,2004
grid-2-65,4225,8320,8.000000*10^0,4,24,204,2004
grid-2-70,4900,9660,8.000000*10^0,4,24,204,2004
grid-2-75,5625,11100,8.000000*10^0,4,24,204,2004
grid-2-80,6400,12640,8.000000*10^0,4,25,205,2005
grid-2-85,7225,14280,8.000000*10^0,4,25,205,2005
grid-2-90,8100,16020,8.000000*10^0,4,24,204,2004
grid-2-95,9025,17860,8.000000*10^0,4,24,204,2004
grid-3-10,1000,2700,48.000000*10^0,5,25,205,2005
grid-3-11,1331,3630,48.000000*10^0,5,25,205,2005
grid-3-12,1728,4752,48.000000*10^0,5,25,205,2005
grid-3-13,2197,6084,48.000000*10^0,5,25,205,2005
grid-3-14,2744,7644,48.000000*10^0,5,25,205,2005
grid-3-15,3375,9450,48.000000*10^0,5,25,205,2005
grid-3-16,4096,11520,48.000000*10^0,5,25,205,2005
grid-3-17,4913,13872,48.000000*10^0,5,25,205,2005
grid-3-18,5832,16524,48.000000*10^0,5,26,206,2006
grid-3-19,6859,19494,48.000000*10^0,5,25,205,2005
grid-3-2,8,12,48.000000*10^0,10,50,410,4010
grid-3-20,8000,22800,48.000000*10^0,5,25,205,2005
grid-3-3,27,54,48.000000*10^0,7,39,309,3009
grid-3-4,64,144,48.000000*10^0,8,38,308,3008
grid-3-5,125,300,48.000000*10^0,8,40,310,3010
grid-3-6,216,540,48.000000*10^0,5,25,205,2005
grid-3-7,343,882,48.000000*10^0,5,25,205,2005
grid-3-8,512,1344,48.000000*10^0,5,25,205,2005
grid-3-9,729,1944,48.000000*10^0,5,25,205,2005
grid-w-2-10,100,200,800.000000*10^0,7,38,308,3008
grid-w-2-100,10000,20000,80000.000000*10^0,7,37,307,3007
grid-w-2-15,225,450,1800.000000*10^0,7,37,307,3007
grid-w-2-20,400,800,3200.000000*10^0,7,37,307,3007
grid-w-2-25,625,1250,5000.000000*10^0,7,37,307,3007
grid-w-2-30,900,1800,7200.000000*10^0,7,37,307,3007
grid-w-2-35,1225,2450,9800.000000*10^0,7,38,308,3008
grid-w-2-40,1600,3200,12800.000000*10^0,7,38,308,3008
grid-w-2-45,2025,4050,16200.000000*10^0,7,37,307,3007
grid-w-2-5,25,50,200.000000*10^0,7,37,307,3007
grid-w-2-50,2500,5000,20000.000000*10^0,7,37,307,3007
grid-w-2-55,3025,6050,24200.000000*10^0,7,37,307,3007
grid-w-2-60,3600,7200,28800.000000*10^0,7,37,307,3007
grid-w-2-65,4225,8450,33800.000000*10^0,7,37,307,3007
grid-w-2-70,4900,9800,39200.000000*10^0,7,37,307,3007
grid-w-2-75,5625,11250,45000.000000*10^0,7,37,307,3007
grid-w-2-80,6400,12800,51200.000000*10^0,7,38,308,3008
grid-w-2-85,7225,14450,57800.000000*10^0,7,37,307,3007
grid-w-2-90,8100,16200,64800.000000*10^0,7,37,307,3007
grid-w-2-95,9025,18050,72200.000000*10^0,7,37,307,3007
grid-w-3-10,1000,3000,48000.000000*10^0,8,38,308,3008
grid-w-3-11,1331,3993,63888.000000*10^0,8,38,308,3008
grid-w-3-12,1728,5184,82944.000000*10^0,8,38,308,3008
grid-w-3-13,2197,6591,105456.000000*10^0,8,38,308,3008
grid-w-3-14,2744,8232,131712.000000*10^0,8,38,308,3008
grid-w-3-15,3375,10125,162000.000000*10^0,8,38,308,3008
grid-w-3-16,4096,12288,196608.000000*10^0,8,38,308,3008
grid-w-3-17,4913,14739,235824.000000*10^0,8,39,309,3009
grid-w-3-18,5832,17496,279936.000000*10^0,8,38,308,3008
grid-w-3-19,6859,20577,329232.000000*10^0,8,38,308,3008
grid-w-3-2,8,12,48.000000*10^0,10,50,410,4010
grid-w-3-20,8000,24000,384000.000000*10^0,8,39,309,3009
grid-w-3-3,27,81,1296.000000*10^0,13,53,413,4013
grid-w-3-4,64,192,46080.000000*10^0,24,84,624,6024
grid-w-3-5,125,375,6000.000000*10^0,14,54,414,4014
grid-w-3-6,216,648,10368.000000*10^0,12,54,414,4014
grid-w-3-7,343,1029,16464.000000*10^0,8,39,309,3009
grid-w-3-8,512,1536,24576.000000*10^0,8,38,308,3008
grid-w-3-9,729,2187,34992.000000*10^0,8,38,308,3008
k-10,10,45,3628800.000000*10^0,55,155,1055,10055
k-100,100,4950,93326215.443944*10^150,5050,6050,15050,105050
k-11,11,55,39916800.000000*10^0,66,176,1166,11066
k-12,12,66,479001600.000000*10^0,78,198,1278,12078
k-13,13,78,6227020800.000000*10^0,91,221,1391,13091
k-14,14,91,8.717829*10^10,105,245,1505,14105
k-15,15,105,130.767437*10^10,120,270,1620,15120
k-16,16,120,2092.278989*10^10,136,296,1736,16136
k-17,17,136,35568.742810*10^10,153,323,1853,17153
k-18,18,153,640237.370573*10^10,171,351,1971,18171
k-19,19,171,12164510.040883*10^10,190,380,2090,19190
k-2,2,1,2.000000*10^0,3,23,203,2003
k-20,20,190,243290200.817664*10^10,210,410,2210,20210
k-21,21,210,5109094217.170942*10^10,231,441,2331,21231
k-22,22,231,11.240007*10^20,253,473,2453,22253
k-23,23,253,258.520167*10^20,276,506,2576,23276
k-24,24,276,6204.484017*10^20,300,540,2700,24300
k-25,25,300,155112.100433*10^20,325,575,2825,25325
k-26,26,325,4032914.611266*10^20,351,611,2951,26351
k-27,27,351,108888694.504184*10^20,378,648,3078,27378
k-28,28,378,3048883446.117138*10^20,406,686,3206,28406
k-29,29,406,8.841762*10^30,435,725,3335,29435
k-3,3,3,6.000000*10^0,6,36,306,3006
k-30,30,435,265.252860*10^30,465,765,3465,30465
k-31,31,465,8222.838654*10^30,496,806,3596,31496
k-32,32,496,263130.836934*10^30,528,848,3728,32528
k-33,33,528,8683317.618812*10^30,561,891,3861,33561
k-34,34,561,295232799.039604*10^30,595,935,3995,34595
k-35,35,595,1.033315*10^40,630,980,4130,35630
k-36,36,630,37.199333*10^40,666,1026,4266,36666
k-37,37,666,1376.375309*10^40,703,1073,4403,37703
k-38,38,703,52302.261747*10^40,741,1121,4541,38741
k-39,39,741,2039788.208120*10^40,780,1170,4680,39780
k-4,4,6,24.000000*10^0,10,50,410,4010
k-40,40,780,81591528.324790*10^40,820,1220,4820,40820
k-41,41,820,3345252661.316379*10^40,861,1271,4961,41861
k-42,42,861,14.050061*10^50,903,1323,5103,42903
k-43,43,903,604.152631*10^50,946,1376,5246,43946
k-44,44,946,26582.715748*10^50,990,1430,5390,44990
k-45,45,990,1196222.208655*10^50,1035,1485,5535,46035
k-46,46,1035,55026221.598121*10^50,1081,1541,5681,47081
k-47,47,1081,2586232415.111681*10^50,1128,1598,5828,48128
k-48,48,1128,12.413916*10^60,1176,1656,5976,49176
k-49,49,1176,608.281864*10^60,1225,1715,6125,50225
k-5,5,10,120.000000*10^0,15,65,515,5015
k-50,50,1225,30414.093202*10^60,1275,1775,6275,51275
k-51,51,1275,1551118.753287*10^60,1326,1836,6426,52326
k-52,52,1326,80658175.170944*10^60,1378,1898,6578,53378
k-53,53,1378,4274883284.060024*10^60,1431,1961,6731,54431
k-54,54,1431,23.084370*10^70,1485,2025,6885,55485
k-55,55,1485,1269.640335*10^70,1540,2090,7040,56540
k-56,56,1540,71099.858780*10^70,1596,2156,7196,57596
k-57,57,1596,4052691.950488*10^70,1653,2223,7353,58653
k-58,58,1653,235056133.128288*10^70,1711,2291,7511,59711
k-59,59,1711,1.386831*10^80,1770,2360,7670,60770
k-6,6,15,720.000000*10^0,21,81,621,6021
k-60,60,1770,83.209871*10^80,1830,2430,7830,61830
k-61,61,1830,5075.802139*10^80,1891,2501,7991,62891
k-62,62,1891,314699.732604*10^80,1953,2573,8153,63953
k-63,63,1953,19826083.154044*10^80,2016,2646,8316,65016
k-64,64,2016,1268869321.858841*10^80,2080,2720,8480,66080
k-65,65,2080,8.247651*10^90,2145,2795,8645,67145
k-66,66,2145,544.344939*10^90,2211,2871,8811,68211
k-67,67,2211,36471.110918*10^90,2278,2948,8978,69278
k-68,68,2278,2480035.542437*10^90,2346,3026,9146,70346
k-69,69,2346,171122452.428141*10^90,2415,3105,9315,71415
k-7,7,21,5040.000000*10^0,28,98,728,7028
k-70,70,2415,1.197857*10^100,2485,3185,9485,72485
k-71,71,2485,85.047859*10^100,2556,3266,9656,73556
k-72,72,2556,6123.445838*10^100,2628,3348,9828,74628
k-73,73,2628,447011.546151*10^100,2701,3431,10001,75701
k-74,74,2701,33078854.415194*10^100,2775,3515,10175,76775
k-75,75,2775,2480914081.139539*10^100,2850,3600,10350,77850
k-76,76,2850,18.854947*10^110,2926,3686,10526,78926
k-77,77,2926,1451.830920*10^110,3003,3773,10703,80003
k-78,78,3003,113242.811782*10^110,3081,3861,10881,81081
k-79,79,3081,8946182.130783*10^110,3160,3950,11060,82160
k-8,8,28,40320.000000*10^0,36,116,836,8036
k-80,80,3160,715694570.462638*10^110,3240,4040,11240,83240
k-81,81,3240,5.797126*10^120,3321,4131,11421,84321
k-82,82,3321,475.364334*10^120,3403,4223,11603,85403
k-83,83,3403,39455.239697*10^120,3486,4316,11786,86486
k-84,84,3486,3314240.134565*10^120,3570,4410,11970,87570
k-85,85,3570,281710411.438055*10^120,3655,4505,12155,88655
k-86,86,3655,2.422710*10^130,3741,4601,12341,89741
k-87,87,3741,210.775730*10^130,3828,4698,12528,90828
k-88,88,3828,18548.264226*10^130,3916,4796,12716,91916
k-89,89,3916,1650795.516091*10^130,4005,4895,12905,93005
k-9,9,36,362880.000000*10^0,45,135,945,9045
k-90,90,4005,148571596.448176*10^130,4095,4995,13095,94095
k-91,91,4095,1.352002*10^140,4186,5096,13286,95186
k-92,92,4186,124.384141*10^140,4278,5198,13478,96278
k-93,93,4278,11567.725071*10^140,4371,5301,13671,97371
k-94,94,4371,1087366.156657*10^140,4465,5405,13865,98465
k-95,95,4465,103299784.882391*10^140,4560,5510,14060,99560
k-96,96,4560,9916779348.709494*10^140,4656,5616,14256,100656
k-97,97,4656,96.192760*10^150,4753,5723,14453,101753
k-98,98,4753,9426.890449*10^150,4851,5831,14651,102851
k-99,99,4851,933262.154439*10^150,4950,5940,14850,103950
latin-10,100,1350,2400.000000*10^0,19,66,434,4034
latin-11,121,1815,7260.000000*10^0,12,52,412,4012
latin-12,144,2376,3456.000000*10^0,18,59,428,4121
latin-13,169,3042,12168.000000*10^0,12,52,412,4012
latin-14,196,3822,7056.000000*10^0,21,75,435,4035
latin-15,225,4725,10800.000000*10^0,24,81,441,4041
latin-16,256,5760,12288.000000*10^0,28,66,430,4118
latin-17,289,6936,27744.000000*10^0,14,54,414,4014
latin-18,324,8262,11664.000000*10^0,42,111,481,4158
latin-19,361,9747,38988.000000*10^0,12,52,412,4012
latin-2,4,6,24.000000*10^0,10,50,410,4010
latin-20,400,11400,19200.000000*10^0,18,60,429,4126
latin-21,441,13230,31752.000000*10^0,26,65,425,4025
latin-22,484,15246,29040.000000*10^0,31,92,502,4504
latin-23,529,17457,69828.000000*10^0,14,52,412,4012
latin-24,576,19872,27648.000000*10^0,81,154,533,4414
latin-25,625,22500,75000.000000*10^0,17,66,426,4026
latin-26,676,25350,48672.000000*10^0,17,61,462,4476
latin-27,729,28431,78732.000000*10^0,14,54,416,4032
latin-28,784,31752,56448.000000*10^0,18,61,448,4332
latin-29,841,35322,141288.000000*10^0,12,52,412,4012
latin-3,9,27,1296.000000*10^0,28,98,728,7028
latin-30,900,39150,43200.000000*10^0,60,93,528,4517
latin-4,16,72,192.000000*10^0,13,53,413,4013
latin-5,25,150,600.000000*10^0,12,52,412,4012
latin-6,36,270,432.000000*10^0,15,52,412,4012
latin-7,49,441,1764.000000*10^0,14,52,412,4012
latin-8,64,672,1536.000000*10^0,17,62,427,4065
latin-9,81,972,2916.000000*10^0,15,58,418,4018
latin-sw-10-1,100,1350,1.000000*10^0,2801,2831,3111,5887
latin-sw-10-10,100,1350,1.000000*10^0,2801,2831,3112,5912
latin-sw-10-11,100,1350,1.000000*10^0,2801,2833,3114,5886
latin-sw-10-2,100,1350,1.000000*10^0,2801,2831,3107,5929
latin-sw-10-3,100,1350,1.000000*10^0,2801,2832,3108,5919
latin-sw-10-4,100,1350,1.000000*10^0,2801,2833,3111,5909
latin-sw-10-5,100,1350,1.000000*10^0,2801,2834,3110,5911
latin-sw-10-6,100,1350,1.000000*10^0,7793,2835,3110,5943
latin-sw-10-7,100,1350,1.000000*10^0,2801,2831,3116,5892
latin-sw-10-8,100,1350,1.000000*10^0,2801,2832,3108,5899
latin-sw-10-9,100,1350,1.000000*10^0,2801,2833,3107,5875
latin-sw-11-1,121,1815,1.000000*10^0,3752,3782,4057,6835
latin-sw-11-10,121,1815,1.000000*10^0,3752,3782,4063,6855
latin-sw-11-11,121,1815,1.000000*10^0,3752,3783,4060,6848
latin-sw-11-2,121,1815,1.000000*10^0,3752,3783,4061,6841
latin-sw-11-3,121,1815,1.000000*10^0,3752,3783,4059,6819
latin-sw-11-4,121,1815,1.000000*10^0,3752,3783,4058,6818
latin-sw-11-5,121,1815,1.000000*10^0,9800,3782,4065,6836
latin-sw-11-6,121,1815,1.000000*10^0,3752,3782,4067,6865
latin-sw-11-7,121,1815,1.000000*10^0,3752,3782,4057,6831
latin-sw-11-8,121,1815,1.000000*10^0,3752,3782,4057,6821
latin-sw-11-9,121,1815,1.000000*10^0,3752,3782,4057,6849
latin-sw-12-1,144,2376,1.000000*10^0,4897,4927,5200,7966
latin-sw-12-10,144,2376,1.000000*10^0,4897,4927,5202,7964
latin-sw-12-11,144,2376,1.000000*10^0,4897,4927,5202,7950
latin-sw-12-2,144,2376,1.000000*10^0,4897,4927,5201,7976
latin-sw-12-3,144,2376,1.000000*10^0,4897,4927,5202,7960
latin-sw-12-4,144,2376,1.000000*10^0,4897,4927,5207,8009
latin-sw-12-5,144,2376,1.000000*10^0,12097,4928,5208,7986
latin-sw-12-6,144,2376,1.000000*10^0,4897,4928,5207,8021
latin-sw-12-7,144,2376,1.000000*10^0,4897,4928,5204,7952
latin-sw-12-8,144,2376,1.000000*10^0,4897,4928,5205,7948
latin-sw-12-9,144,2376,1.000000*10^0,4897,4930,5210,7989
latin-sw-13-1,169,3042,1.000000*10^0,6254,6286,6565,9327
latin-sw-13-10,169,3042,1.000000*10^0,6254,6284,6565,9355
latin-sw-13-11,169,3042,1.000000*10^0,6254,6285,6559,9298
latin-sw-13-2,169,3042,1.000000*10^0,6254,6284,6558,9320
latin-sw-13-3,169,3042,1.000000*10^0,6276,6285,6562,9323
latin-sw-13-4,169,3042,1.000000*10^0,6254,6284,6560,9339
latin-sw-13-5,169,3042,1.000000*10^0,6254,6284,6559,9302
latin-sw-13-6,169,3042,1.000000*10^0,6254,6284,6562,9304
latin-sw-13-7,169,3042,1.000000*10^0,16550,6285,6562,9332
latin-sw-13-8,169,3042,1.000000*10^0,6254,6285,6565,9328
latin-sw-13-9,169,3042,1.000000*10^0,6254,6284,6567,9330
latin-sw-14-1,196,3822,1.000000*10^0,7841,7872,8145,10913
latin-sw-14-10,196,3822,1.000000*10^0,7841,7871,8150,10904
latin-sw-14-11,196,3822,1.000000*10^0,7841,7871,8146,10926
latin-sw-14-2,196,3822,1.000000*10^0,7841,7871,8143,10899
latin-sw-14-3,196,3822,1.000000*10^0,19937,7871,8148,10909
latin-sw-14-4,196,3822,1.000000*10^0,21665,7871,8145,10909
latin-sw-14-5,196,3822,1.000000*10^0,7841,7871,8144,10900
latin-sw-14-6,196,3822,1.000000*10^0,7841,7871,8146,10889
latin-sw-14-7,196,3822,1.000000*10^0,7841,7872,8150,10916
latin-sw-14-8,196,3822,1.000000*10^0,7841,7871,8146,10885
latin-sw-14-9,196,3822,1.000000*10^0,7841,7872,8151,10918
latin-sw-15-1,225,4725,1.000000*10^0,9676,9707,9983,12747
latin-sw-15-10,225,4725,1.000000*10^0,9676,9707,9982,12734
latin-sw-15-11,225,4725,1.000000*10^0,9676,9706,9979,12723
latin-sw-15-2,225,4725,1.000000*10^0,9676,9707,9980,12746
latin-sw-15-3,225,4725,1.000000*10^0,9676,9707,9981,12748
latin-sw-15-4,225,4725,1.000000*10^0,9676,9708,9982,12752
latin-sw-15-5,225,4725,1.000000*10^0,24652,9707,9979,12728
latin-sw-15-6,225,4725,1.000000*10^0,9676,9706,9981,12733
latin-sw-15-7,225,4725,1.000000*10^0,9676,9706,9981,12733
latin-sw-15-8,225,4725,1.000000*10^0,9676,9707,9981,12715
latin-sw-15-9,225,4725,1.000000*10^0,9676,9706,9984,12754
latin-sw-16-1,256,5760,1.000000*10^0,11777,11810,12089,14852
latin-sw-16-10,256,5760,1.000000*10^0,11777,11808,12082,14842
latin-sw-16-11,256,5760,1.000000*10^0,11777,11808,12085,14844
latin-sw-16-2,256,5760,1.000000*10^0,11777,11808,12084,14849
latin-sw-16-3,256,5760,1.000000*10^0,11777,11807,12077,14839
latin-sw-16-4,256,5760,1.000000*10^0,11777,11807,12082,14835
latin-sw-16-5,256,5760,1.000000*10^0,11777,11807,12082,14860
latin-sw-16-6,256,5760,1.000000*10^0,11777,11808,12085,14855
latin-sw-16-7,256,5760,1.000000*10^0,11777,11807,12084,14869
latin-sw-16-8,256,5760,1.000000*10^0,11777,11809,12084,14853
latin-sw-16-9,256,5760,1.000000*10^0,11777,11807,12084,14832
latin-sw-17-1,289,6936,1.000000*10^0,14162,14194,14468,17215
latin-sw-17-10,289,6936,1.000000*10^0,14162,14192,14469,17234
latin-sw-17-11,289,6936,1.000000*10^0,14162,14193,14469,17209
latin-sw-17-2,289,6936,1.000000*10^0,14162,14192,14465,17221
latin-sw-17-3,289,6936,1.000000*10^0,14162,14194,14469,17225
latin-sw-17-4,289,6936,1.000000*10^0,38642,14192,14465,17223
latin-sw-17-5,289,6936,1.000000*10^0,14162,14193,14466,17212
latin-sw-17-6,289,6936,1.000000*10^0,14162,14193,14466,17194
latin-sw-17-7,289,6936,1.000000*10^0,14162,14193,14465,17206
latin-sw-17-8,289,6936,1.000000*10^0,14162,14193,14464,17198
latin-sw-17-9,289,6936,1.000000*10^0,14162,14192,14466,17201
latin-sw-18-1,324,8262,1.000000*10^0,16849,16880,17152,19906
latin-sw-18-10,324,8262,1.000000*10^0,16849,16880,17155,19910
latin-sw-18-11,324,8262,1.000000*10^0,16849,16880,17153,19894
latin-sw-18-2,324,8262,1.000000*10^0,16849,16879,17153,19918
latin-sw-18-3,324,8262,1.000000*10^0,16849,16879,17160,19922
latin-sw-18-4,324,8262,1.000000*10^0,16849,16879,17153,19905
latin-sw-18-5,324,8262,1.000000*10^0,16849,16880,17156,19904
latin-sw-18-6,324,8262,1.000000*10^0,16849,16880,17155,19909
latin-sw-18-7,324,8262,1.000000*10^0,16849,16880,17154,19922
latin-sw-18-8,324,8262,1.000000*10^0,16849,16879,17155,19931
latin-sw-18-9,324,8262,1.000000*10^0,16849,16879,17152,19896
latin-sw-19-1,361,9747,1.000000*10^0,19856,19886,20163,22910
latin-sw-19-10,361,9747,1.000000*10^0,19856,19887,20162,22898
latin-sw-19-11,361,9747,1.000000*10^0,19856,19886,20156,22901
latin-sw-19-2,361,9747,1.000000*10^0,19856,19887,20163,22907
latin-sw-19-3,361,9747,1.000000*10^0,19856,19886,20160,22896
latin-sw-19-4,361,9747,1.000000*10^0,19856,19886,20163,22923
latin-sw-19-5,361,9747,1.000000*10^0,19856,19886,20162,22905
latin-sw-19-6,361,9747,1.000000*10^0,19856,19886,20162,22904
latin-sw-19-7,361,9747,1.000000*10^0,19856,19886,20160,22897
latin-sw-19-8,361,9747,1.000000*10^0,19856,19887,20161,22917
latin-sw-19-9,361,9747,1.000000*10^0,19856,19887,20166,22914
latin-sw-20-1,400,11400,1.000000*10^0,23237,23231,23505,26268
latin-sw-20-10,400,11400,1.000000*10^0,23201,23232,23504,26235
latin-sw-20-11,400,11400,1.000000*10^0,23201,23231,23511,26264
latin-sw-20-2,400,11400,1.000000*10^0,23201,23231,23510,26258
latin-sw-20-3,400,11400,1.000000*10^0,23201,23231,23505,26255
latin-sw-20-4,400,11400,1.000000*10^0,23201,23232,23505,26257
latin-sw-20-5,400,11400,1.000000*10^0,23201,23233,23507,26251
latin-sw-20-6,400,11400,1.000000*10^0,23201,23231,23505,26243
latin-sw-20-7,400,11400,1.000000*10^0,23201,23231,23508,26259
latin-sw-20-8,400,11400,1.000000*10^0,23201,23232,23511,26277
latin-sw-20-9,400,11400,1.000000*10^0,23201,23231,23502,26257
latin-sw-21-1,441,13230,1.000000*10^0,26902,26932,27208,29946
latin-sw-21-10,441,13230,1.000000*10^0,26902,26933,27209,29941
latin-sw-21-11,441,13230,1.000000*10^0,26938,26932,27205,29945
latin-sw-21-2,441,13230,1.000000*10^0,26902,26933,27207,29945
latin-sw-21-3,441,13230,1.000000*10^0,26902,26932,27207,29954
latin-sw-21-4,441,13230,1.000000*10^0,26902,26933,27212,29955
latin-sw-21-5,441,13230,1.000000*10^0,26902,26932,27207,29943
latin-sw-21-6,441,13230,1.000000*10^0,26902,26932,27208,29962
latin-sw-21-7,441,13230,1.000000*10^0,26974,26932,27207,29961
latin-sw-21-8,441,13230,1.000000*10^0,26902,26932,27204,29939
latin-sw-21-9,441,13230,1.000000*10^0,26902,26933,27206,29936
latin-sw-22-1,484,15246,1.000000*10^0,30977,31007,31281,34009
latin-sw-22-10,484,15246,1.000000*10^0,30977,31008,31284,34035
latin-sw-22-11,484,15246,1.000000*10^0,30977,31008,31282,34026
latin-sw-22-2,484,15246,1.000000*10^0,30977,31007,31281,34045
latin-sw-22-3,484,15246,1.000000*10^0,30977,31007,31277,34009
latin-sw-22-4,484,15246,1.000000*10^0,30977,31008,31281,34040
latin-sw-22-5,484,15246,1.000000*10^0,30977,31007,31282,34032
latin-sw-22-6,484,15246,1.000000*10^0,30977,31007,31281,34028
latin-sw-22-7,484,15246,1.000000*10^0,30977,31008,31279,34019
latin-sw-22-8,484,15246,1.000000*10^0,30977,31008,31284,34033
latin-sw-22-9,484,15246,1.000000*10^0,30977,31008,31281,34016
latin-sw-23-1,529,17457,1.000000*10^0,35444,35476,35750,38474
latin-sw-23-10,529,17457,1.000000*10^0,35444,35474,35745,38478
latin-sw-23-11,529,17457,1.000000*10^0,35444,35474,35747,38485
latin-sw-23-2,529,17457,1.000000*10^0,35444,35476,35750,38491
latin-sw-23-3,529,17457,1.000000*10^0,35444,35474,35746,38481
latin-sw-23-4,529,17457,1.000000*10^0,92396,35474,35747,38483
latin-sw-23-5,529,17457,1.000000*10^0,35444,35475,35751,38503
latin-sw-23-6,529,17457,1.000000*10^0,35444,35474,35746,38482
latin-sw-23-7,529,17457,1.000000*10^0,35444,35475,35750,38473
latin-sw-23-8,529,17457,1.000000*10^0,35444,35475,35747,38479
latin-sw-23-9,529,17457,1.000000*10^0,35444,35476,35747,38479
latin-sw-24-1,576,19872,1.000000*10^0,40321,40351,40625,43374
latin-sw-24-10,576,19872,1.000000*10^0,40321,40352,40629,43370
latin-sw-24-11,576,19872,1.000000*10^0,40321,40353,40626,43362
latin-sw-24-2,576,19872,1.000000*10^0,40321,40351,40627,43360
latin-sw-24-3,576,19872,1.000000*10^0,40321,40352,40626,43371
latin-sw-24-4,576,19872,1.000000*10^0,40321,40351,40625,43366
latin-sw-24-5,576,19872,1.000000*10^0,40321,40352,40629,43372
latin-sw-24-6,576,19872,1.000000*10^0,40321,40351,40624,43368
latin-sw-24-7,576,19872,1.000000*10^0,40321,40352,40627,43368
latin-sw-24-8,576,19872,1.000000*10^0,40321,40352,40625,43362
latin-sw-24-9,576,19872,1.000000*10^0,40321,40352,40627,43376
latin-sw-25-1,625,22500,1.000000*10^0,45626,45657,45927,48661
latin-sw-25-10,625,22500,1.000000*10^0,45626,45656,45926,48645
latin-sw-25-11,625,22500,1.000000*10^0,45626,45656,45930,48657
latin-sw-25-2,625,22500,1.000000*10^0,45626,45656,45931,48673
latin-sw-25-3,625,22500,1.000000*10^0,45626,45656,45932,48658
latin-sw-25-4,625,22500,1.000000*10^0,45626,45656,45927,48659
latin-sw-25-5,625,22500,1.000000*10^0,45626,45656,45930,48656
latin-sw-25-6,625,22500,1.000000*10^0,45626,45656,45931,48651
latin-sw-25-7,625,22500,1.000000*10^0,45626,45656,45932,48671
latin-sw-25-8,625,22500,1.000000*10^0,45626,45656,45929,48667
latin-sw-25-9,625,22500,1.000000*10^0,45626,45656,45929,48656
latin-sw-26-1,676,25350,1.000000*10^0,51377,51407,51682,54409
latin-sw-26-10,676,25350,1.000000*10^0,51377,51407,51682,54415
latin-sw-26-11,676,25350,1.000000*10^0,51377,51407,51685,54432
latin-sw-26-2,676,25350,1.000000*10^0,51377,51407,51680,54410
latin-sw-26-3,676,25350,1.000000*10^0,51377,51407,51683,54416
latin-sw-26-4,676,25350,1.000000*10^0,51377,51407,51681,54435
latin-sw-26-5,676,25350,1.000000*10^0,51377,51407,51678,54414
latin-sw-26-6,676,25350,1.000000*10^0,51377,51408,51680,54417
latin-sw-26-7,676,25350,1.000000*10^0,51377,51407,51686,54424
latin-sw-26-8,676,25350,1.000000*10^0,51377,51408,51682,54417
latin-sw-26-9,676,25350,1.000000*10^0,51377,51408,51682,54409
latin-sw-27-1,729,28431,1.000000*10^0,57592,57622,57896,60628
latin-sw-27-10,729,28431,1.000000*10^0,57592,57622,57894,60631
latin-sw-27-11,729,28431,1.000000*10^0,57592,57622,57894,60622
latin-sw-27-2,729,28431,1.000000*10^0,57592,57623,57895,60624
latin-sw-27-3,729,28431,1.000000*10^0,57592,57623,57894,60614
latin-sw-27-4,729,28431,1.000000*10^0,57592,57622,57894,60626
latin-sw-27-5,729,28431,1.000000*10^0,57592,57622,57895,60609
latin-sw-27-6,729,28431,1.000000*10^0,57592,57623,57896,60627
latin-sw-27-7,729,28431,1.000000*10^0,57592,57622,57894,60623
latin-sw-27-8,729,28431,1.000000*10^0,57592,57622,57895,60630
latin-sw-27-9,729,28431,1.000000*10^0,57592,57622,57892,60612
latin-sw-28-1,784,31752,1.000000*10^0,64289,64319,64593,67332
latin-sw-28-10,784,31752,1.000000*10^0,64289,64319,64590,67327
latin-sw-28-11,784,31752,1.000000*10^0,64289,64319,64596,67328
latin-sw-28-2,784,31752,1.000000*10^0,64289,64321,64595,67337
latin-sw-28-3,784,31752,1.000000*10^0,64289,64319,64592,67330
latin-sw-28-4,784,31752,1.000000*10^0,64289,64319,64590,67322
latin-sw-28-5,784,31752,1.000000*10^0,64289,64319,64590,67324
latin-sw-28-6,784,31752,1.000000*10^0,64289,64321,64594,67341
latin-sw-28-7,784,31752,1.000000*10^0,64289,64320,64593,67332
latin-sw-28-8,784,31752,1.000000*10^0,64289,64319,64592,67328
latin-sw-28-9,784,31752,1.000000*10^0,64289,64320,64594,67327
latin-sw-29-1,841,35322,1.000000*10^0,71486,71516,71786,74495
latin-sw-29-10,841,35322,1.000000*10^0,71486,71516,71788,74507
latin-sw-29-11,841,35322,1.000000*10^0,71486,71517,71791,74520
latin-sw-29-2,841,35322,1.000000*10^0,71486,71517,71789,74511
latin-sw-29-3,841,35322,1.000000*10^0,71486,71516,71789,74531
latin-sw-29-4,841,35322,1.000000*10^0,71486,71516,71789,74512
latin-sw-29-5,841,35322,1.000000*10^0,71486,71517,71788,74517
latin-sw-29-6,841,35322,1.000000*10^0,71486,71516,71788,74519
latin-sw-29-7,841,35322,1.000000*10^0,71486,71517,71789,74511
latin-sw-29-8,841,35322,1.000000*10^0,71486,71517,71791,74518
latin-sw-29-9,841,35322,1.000000*10^0,71486,71517,71790,74508
latin-sw-30-1,900,39150,1.000000*10^0,79201,79231,79507,82238
latin-sw-30-10,900,39150,1.000000*10^0,79201,79231,79504,82243
latin-sw-30-11,900,39150,1.000000*10^0,79255,79231,79504,82245
latin-sw-30-2,900,39150,1.000000*10^0,79201,79231,79511,82255
latin-sw-30-3,900,39150,1.000000*10^0,79201,79231,79506,82246
latin-sw-30-4,900,39150,1.000000*10^0,79201,79231,79506,82236
latin-sw-30-5,900,39150,1.000000*10^0,79201,79231,79508,82246
latin-sw-30-6,900,39150,1.000000*10^0,79201,79231,79510,82245
latin-sw-30-7,900,39150,1.000000*10^0,79201,79231,79503,82244
latin-sw-30-8,900,39150,1.000000*10^0,79201,79231,79504,82243
latin-sw-30-9,900,39150,1.000000*10^0,79201,79231,79504,82221
lattice-10,100,900,2633.637888*10^10,110,220,1210,11110
lattice-11,121,1210,318670.184448*10^10,132,252,1332,12132
lattice-12,144,1584,45888506.560512*10^10,156,286,1456,13156
lattice-13,169,2028,7755157608.726528*10^10,182,322,1582,14182
lattice-14,196,2548,152.001089*10^20,210,360,1710,15210
lattice-15,225,3150,34200.245054*10^20,240,400,1840,16240
lattice-16,256,3840,8755262.733948*10^20,272,442,1972,17272
lattice-17,289,4624,2530270930.110944*10^20,306,486,2106,18306
lattice-18,324,5508,81.980778*10^30,342,532,2242,19342
lattice-19,361,6498,29595.060907*10^30,380,580,2380,20380
lattice-20,400,7600,11838024.362780*10^30,420,630,2520,21420
lattice-21,441,8820,5220568743.985918*10^30,462,682,2662,22462
lattice-22,484,10164,252.675527*10^40,506,736,2806,23506
lattice-23,529,11638,133665.353894*10^40,552,792,2952,24552
lattice-24,576,13248,76991243.842666*10^40,600,850,3100,25600
lattice-25,625,15000,4.811953*10^50,650,910,3250,26650
lattice-26,676,16900,3252.880052*10^50,702,972,3402,27702
lattice-27,729,18954,2371349.558165*10^50,756,1036,3556,28756
lattice-28,784,21168,1859138053.601424*10^50,812,1102,3712,29812
lattice-29,841,23548,156.353510*10^60,870,1170,3870,30870
lattice-30,900,26100,140718.159277*10^60,930,1240,4030,31930
lattice-4,16,48,1152.000000*10^0,20,70,520,5020
lattice-5,25,100,28800.000000*10^0,30,90,630,6030
lattice-6,36,180,1036800.000000*10^0,42,112,742,7042
lattice-7,49,294,50803200.000000*10^0,56,136,856,8056
lattice-8,64,448,3251404800.000000*10^0,72,162,972,9072
lattice-9,81,648,26.336379*10^10,90,190,1090,10090
mz-10,200,300,8388608.000000*10^0,285,400,1532,13192
mz-12,240,360,134217728.000000*10^0,347,434,1778,15247
mz-14,280,420,2147483648.000000*10^0,469,542,2065,17341
mz-16,320,480,3.435974*10^10,586,662,2347,19433
mz-18,360,540,54.975581*10^10,716,871,2634,21503
mz-2,40,60,128.000000*10^0,38,82,517,4814
mz-20,400,600,879.609302*10^10,837,908,2976,23659
mz-22,440,660,14073.748836*10^10,953,1174,3300,25789
mz-24,480,720,225179.981369*10^10,1098,1354,3599,27945
mz-26,520,780,3602879.701896*10^10,1339,1518,3976,30075
mz-28,560,840,57646075.230342*10^10,1353,1491,4211,32094
mz-30,600,900,922337203.685478*10^10,1551,1892,4548,34240
mz-32,640,960,1.475740*10^20,1901,1668,4817,36396
mz-34,680,1020,23.611832*10^20,2499,2505,5245,38536
mz-36,720,1080,377.789319*10^20,2501,2465,5792,40773
mz-38,760,1140,6044.629098*10^20,2570,2752,6081,42976
mz-4,80,120,2048.000000*10^0,81,165,755,6966
mz-40,800,1200,96714.065569*10^20,3015,3286,7059,45034
mz-42,840,1260,1547425.049107*10^20,3009,2722,6771,47258
mz-44,880,1320,24758800.785708*10^20,4146,3769,7187,49479
mz-46,920,1380,396140812.571322*10^20,5102,4152,7546,51667
mz-48,960,1440,6338253001.141148*10^20,5746,4248,7974,53869
mz-50,1000,1500,10.141205*10^30,3589,4689,10700,58393
mz-6,120,180,32768.000000*10^0,156,205,1016,9054
mz-8,160,240,524288.000000*10^0,203,274,1258,11110
mz-aug-10,200,460,8388608.000000*10^0,246,320,1489,13189
mz-aug-12,240,552,134217728.000000*10^0,338,398,1748,15248
mz-aug-14,280,644,2147483648.000000*10^0,446,513,2059,17359
mz-aug-16,320,736,3.435974*10^10,548,643,2309,19409
mz-aug-18,360,828,54.975581*10^10,649,746,2633,21533
mz-aug-2,40,92,128.000000*10^0,38,78,527,5027
mz-aug-20,400,920,879.609302*10^10,694,913,2870,23570
mz-aug-22,440,1012,14073.748836*10^10,801,919,3169,25669
mz-aug-24,480,1104,225179.981369*10^10,970,1126,3501,27801
mz-aug-26,520,1196,3602879.701896*10^10,983,1348,3852,29952
mz-aug-28,560,1288,57646075.230342*10^10,1400,1572,4190,32090
mz-aug-30,600,1380,922337203.685478*10^10,1382,1670,4586,34286
mz-aug-32,640,1472,1.475740*10^20,2079,1768,4864,36574
mz-aug-34,680,1564,23.611832*10^20,1500,1804,5134,38434
mz-aug-36,720,1656,377.789319*10^20,1787,2109,5583,40683
mz-aug-38,760,1748,6044.629098*10^20,2094,2324,6407,43307
mz-aug-4,80,184,2048.000000*10^0,82,128,758,7058
mz-aug-40,800,1840,96714.065569*10^20,3324,3494,6456,45156
mz-aug-42,840,1932,1547425.049107*10^20,3042,2828,6609,47109
mz-aug-44,880,2024,24758800.785708*10^20,2616,3480,7736,49295
mz-aug-46,920,2116,396140812.571322*10^20,2994,3215,7805,51905
mz-aug-48,960,2208,6338253001.141148*10^20,2961,3379,8737,54637
mz-aug-50,1000,2300,10.141205*10^30,5980,8343,8446,56146
mz-aug-6,120,276,32768.000000*10^0,118,190,1000,9100
mz-aug-8,160,368,524288.000000*10^0,171,247,1237,11137
mz-aug2-10,240,380,4194304.000000*10^0,12931,13151,15131,34931
mz-aug2-12,288,456,67108864.000000*10^0,61621,61881,64221,87621
mz-aug2-14,336,532,1073741824.000000*10^0,270575,270875,273575,300575
mz-aug2-16,384,608,1.717987*10^10,1212721,1213061,1216121,1246721
mz-aug2-18,432,684,27.487791*10^10,5505403,5374711,5378131,5412331
mz-aug2-20,480,760,439.804651*10^10,23593421,23593841,23597621,23635421
paley-101,101,2525,5050.000000*10^0,6,37,307,3007
paley-109,109,2943,5886.000000*10^0,6,38,308,3008
paley-113,113,3164,6328.000000*10^0,6,37,307,3007
paley-121,121,3630,14520.000000*10^0,12,50,410,4010
paley-125,125,3875,23250.000000*10^0,12,50,410,4010
paley-13,13,39,78.000000*10^0,6,36,306,3006
paley-137,137,4658,9316.000000*10^0,6,38,308,3008
paley-149,149,5513,11026.000000*10^0,6,37,307,3007
paley-157,157,6123,12246.000000*10^0,6,37,307,3007
paley-169,169,7098,28392.000000*10^0,12,54,414,4014
paley-17,17,68,136.000000*10^0,6,36,306,3006
paley-173,173,7439,14878.000000*10^0,6,37,307,3007
paley-181,181,8145,16290.000000*10^0,6,36,306,3006
paley-193,193,9264,18528.000000*10^0,6,37,307,3007
paley-197,197,9653,19306.000000*10^0,6,36,306,3006
paley-229,229,13053,26106.000000*10^0,6,37,307,3007
paley-233,233,13514,27028.000000*10^0,6,38,308,3008
paley-241,241,14460,28920.000000*10^0,6,37,307,3007
paley-25,25,150,600.000000*10^0,12,52,412,4012
paley-257,257,16448,32896.000000*10^0,6,36,306,3006
paley-269,269,18023,36046.000000*10^0,6,36,306,3006
paley-277,277,19113,38226.000000*10^0,6,38,308,3008
paley-281,281,19670,39340.000000*10^0,6,38,308,3008
paley-289,289,20808,83232.000000*10^0,12,54,414,4014
paley-29,29,203,406.000000*10^0,6,36,306,3006
paley-293,293,21389,42778.000000*10^0,6,36,306,3006
paley-313,313,24414,48828.000000*10^0,6,36,306,3006
paley-317,317,25043,50086.000000*10^0,6,37,307,3007
paley-337,337,28308,56616.000000*10^0,6,36,306,3006
paley-349,349,30363,60726.000000*10^0,6,36,306,3006
paley-353,353,31064,62128.000000*10^0,6,37,307,3007
paley-361,361,32490,129960.000000*10^0,12,50,410,4010
paley-37,37,333,666.000000*10^0,6,37,307,3007
paley-373,373,34689,69378.000000*10^0,6,37,307,3007
paley-389,389,37733,75466.000000*10^0,6,37,307,3007
paley-397,397,39303,78606.000000*10^0,6,38,308,3008
paley-401,401,40100,80200.000000*10^0,6,37,307,3007
paley-409,409,41718,83436.000000*10^0,6,38,308,3008
paley-41,41,410,820.000000*10^0,6,37,307,3007
paley-421,421,44205,88410.000000*10^0,6,36,306,3006
paley-433,433,46764,93528.000000*10^0,6,38,308,3008
paley-449,449,50288,100576.000000*10^0,6,36,306,3006
paley-457,457,52098,104196.000000*10^0,6,37,307,3007
paley-461,461,53015,106030.000000*10^0,6,37,307,3007
paley-49,49,588,2352.000000*10^0,12,52,412,4012
paley-5,5,5,10.000000*10^0,6,36,306,3006
paley-53,53,689,1378.000000*10^0,6,36,306,3006
paley-61,61,915,1830.000000*10^0,6,37,307,3007
paley-73,73,1314,2628.000000*10^0,6,36,306,3006
paley-81,81,1620,12960.000000*10^0,14,54,414,4014
paley-89,89,1958,3916.000000*10^0,6,38,308,3008
paley-9,9,18,72.000000*10^0,12,52,412,4012
paley-97,97,2328,4656.000000*10^0,6,36,306,3006
pg2-11,266,1596,424855200.000000*10^0,23,71,521,5021
pg2-13,366,2562,1621069632.000000*10^0,24,71,521,5021
pg2-16,546,4641,3.421716*10^10,210,297,833,6233
pg2-17,614,5526,1.390041*10^10,23,73,523,5023
pg2-19,762,7620,3.386810*10^10,25,71,521,5021
pg2-2,14,21,336.000000*10^0,14,53,413,4013
pg2-23,1106,13272,15.631305*10^10,23,73,523,5023
pg2-25,1302,16926,60.933600*10^10,79,172,712,6112
pg2-27,1514,21196,169.216672*10^10,501,763,1229,7163
pg2-29,1742,26130,99.926221*10^10,24,71,521,5021
pg2-3,26,52,11232.000000*10^0,23,71,521,5021
pg2-31,1986,31776,170.394987*10^10,23,73,523,5023
pg2-32,2114,34881,1098.404364*10^10,828,535,1301,7012
pg2-37,2814,53466,701.968887*10^10,23,71,521,5021
pg2-4,42,105,241920.000000*10^0,32,90,630,6030
pg2-41,3446,72366,1596.011868*10^10,24,73,523,5023
pg2-43,3786,83292,2336.346397*10^10,24,73,523,5023
pg2-47,4514,108336,4760.055641*10^10,23,73,523,5023
pg2-49,4902,122550,13287.522770*10^10,96,208,792,6192
pg2-5,62,186,744000.000000*10^0,24,71,521,5021
pg2-7,114,456,11261376.000000*10^0,24,73,523,5023
pg2-8,146,657,98896896.000000*10^0,80,109,669,6069
pg2-9,182,910,169827840.000000*10^0,44,106,646,6046
rnd-3-reg-1000-1,1000,1500,1.000000*10^0,1001,1021,1201,3001
rnd-3-reg-1000-10,1000,1500,1.000000*10^0,1001,1021,1201,3001
rnd-3-reg-1000-11,1000,1500,1.000000*10^0,1001,1021,1201,3001
rnd-3-reg-1000-2,1000,1500,1.000000*10^0,1001,1021,1201,3001
rnd-3-reg-1000-3,1000,1500,1.000000*10^0,1001,1021,1201,3001
rnd-3-reg-1000-4,1000,1500,1.000000*10^0,1001,1021,1201,3001
rnd-3-reg-1000-5,1000,1500,1.000000*10^0,1001,1021,1201,3001
rnd-3-reg-1000-6,1000,1500,1.000000*10^0,1001,1021,1201,3001
rnd-3-reg-1000-7,1000,1500,1.000000*10^0,1001,1021,1201,3001
rnd-3-reg-1000-8,1000,1500,1.000000*10^0,1001,1021,1201,3001
rnd-3-reg-1000-9,1000,1500,1.000000*10^0,1001,1021,1201,3001
sat_cfi_base_0100_a.dmc,30,60,1.000000*10^0,1,11,101,1001
sat_cfi_base_0100_b.dmc,30,60,1.000000*10^0,1,11,101,1001
sat_cfi_base_0200_a.dmc,60,120,1.000000*10^0,1,11,101,1001
sat_cfi_base_0200_b.dmc,60,120,1.000000*10^0,1,11,101,1001
sat_cfi_base_0300_a.dmc,90,180,1.000000*10^0,1,11,101,1001
sat_cfi_base_0300_b.dmc,90,180,1.000000*10^0,1,11,101,1001
sat_cfi_base_0400_a.dmc,120,240,1.000000*10^0,1,11,101,1001
sat_cfi_base_0400_b.dmc,120,240,1.000000*10^0,1,11,101,1001
sat_cfi_base_0500_a.dmc,150,300,1.000000*10^0,1,11,101,1001
sat_cfi_base_0500_b.dmc,150,300,1.000000*10^0,1,11,101,1001
sat_cfi_base_0600_a.dmc,180,360,1.000000*10^0,1,11,101,1001
sat_cfi_base_0600_b.dmc,180,360,1.000000*10^0,1,11,101,1001
sat_cfi_base_0700_a.dmc,210,420,1.000000*10^0,1,11,101,1001
sat_cfi_base_0700_b.dmc,210,420,1.000000*10^0,1,11,101,1001
sat_cfi_base_0800_a.dmc,240,480,1.000000*10^0,1,11,101,1001
sat_cfi_base_0800_b.dmc,240,480,1.000000*10^0,1,11,101,1001
sat_cfi_base_0900_a.dmc,270,540,1.000000*10^0,1,11,101,1001
sat_cfi_base_0900_b.dmc,270,540,1.000000*10^0,1,11,101,1001
sat_cfi_base_1000_a.dmc,300,600,1.000000*10^0,1,11,101,1001
sat_cfi_base_1000_b.dmc,300,600,1.000000*10^0,1,11,101,1001
sat_cfi_base_2000_a.dmc,600,1200,1.000000*10^0,1,11,101,1001
sat_cfi_base_2000_b.dmc,600,1200,1.000000*10^0,1,11,101,1001
sat_cfi_base_2000_c.dmc,600,1200,1.000000*10^0,1,11,101,1001
sat_cfi_base_2000_d.dmc,600,1200,1.000000*10^0,1,11,101,1001
sat_cfi_base_2000_e.dmc,600,1200,1.000000*10^0,1,11,101,1001
sat_cfi_base_2250_a.dmc,675,1350,1.000000*10^0,1,11,101,1001
sat_cfi_base_2250_b.dmc,675,1350,1.000000*10^0,1,11,101,1001
sat_cfi_base_2250_c.dmc,675,1350,1.000000*10^0,1,11,101,1001
sat_cfi_base_2250_d.dmc,675,1350,1.000000*10^0,1,11,101,1001
sat_cfi_base_2250_e.dmc,675,1350,1.000000*10^0,1,11,101,1001
sat_cfi_base_2500_a.dmc,750,1500,1.000000*10^0,1,11,101,1001
sat_cfi_base_2500_b.dmc,750,1500,1.000000*10^0,1,11,101,1001
sat_cfi_base_2500_c.dmc,750,1500,1.000000*10^0,1,11,101,1001
sat_cfi_base_2500_d.dmc,750,1500,1.000000*10^0,1,11,101,1001
sat_cfi_base_2500_e.dmc,750,1500,1.000000*10^0,1,11,101,1001
sat_cfi_base_2750_a.dmc,825,1650,1.000000*10^0,1,11,101,1001
sat_cfi_base_2750_b.dmc,825,1650,1.000000*10^0,1,11,101,1001
sat_cfi_base_2750_c.dmc,825,1650,1.000000*10^0,1,11,101,1001
sat_cfi_base_2750_d.dmc,825,1650,1.000000*10^0,1,11,101,1001
sat_cfi_base_2750_e.dmc,825,1650,1.000000*10^0,1,11,101,1001
sat_cfi_base_3000_a.dmc,900,1800,1.000000*10^0,1,11,101,1001
sat_cfi_base_3000_b.dmc,900,1800,1.000000*10^0,1,11,101,1001
sat_cfi_base_3000_c.dmc,900,1800,1.000000*10^0,1,11,101,1001
sat_cfi_base_3000_d.dmc,900,1800,1.000000*10^0,1,11,101,1001
sat_cfi_base_3000_e.dmc,900,1800,1.000000*10^0,1,11,101,1001
sat_cfi_base_3250_a.dmc,975,1950,1.000000*10^0,1,11,101,1001
sat_cfi_base_3250_b.dmc,975,1950,1.000000*10^0,1,11,101,1001
sat_cfi_base_3250_c.dmc,975,1950,1.000000*10^0,1,11,101,1001
sat_cfi_base_3250_d.dmc,975,1950,1.000000*10^0,1,11,101,1001
sat_cfi_base_3250_e.dmc,975,1950,1.000000*10^0,1,11,101,1001
sat_cfi_base_3500_a.dmc,1050,2100,1.000000*10^0,1,11,101,1001
sat_cfi_base_3500_b.dmc,1050,2100,1.000000*10^0,1,11,101,1001
sat_cfi_base_3500_c.dmc,1050,2100,1.000000*10^0,1,11,101,1001
sat_cfi_base_3500_d.dmc,1050,2100,1.000000*10^0,1,11,101,1001
sat_cfi_base_3500_e.dmc,1050,2100,1.000000*10^0,1,11,101,1001
sat_cfi_base_3750_a.dmc,1125,2250,1.000000*10^0,1,11,101,1001
sat_cfi_base_3750_b.dmc,1125,2250,1.000000*10^0,1,11,101,1001
sat_cfi_base_3750_c.dmc,1125,2250,1.000000*10^0,1,11,101,1001
sat_cfi_base_3750_d.dmc,1125,2250,1.000000*10^0,1,11,101,1001
sat_cfi_base_3750_e.dmc,1125,2250,1.000000*10^0,1,11,101,1001
sat_cfi_base_4000_a.dmc,1200,2400,1.000000*10^0,1,11,101,1001
sat_cfi_base_4000_b.dmc,1200,2400,1.000000*10^0,1,11,101,1001
sat_cfi_base_4000_c.dmc,1200,2400,1.000000*10^0,1,11,101,1001
sat_cfi_base_4000_d.dmc,1200,2400,1.000000*10^0,1,11,101,1001
sat_cfi_base_4000_e.dmc,1200,2400,1.000000*10^0,1,11,101,1001
sat_cfi_base_4250_a.dmc,1275,2550,1.000000*10^0,1,11,101,1001
sat_cfi_base_4250_b.dmc,1275,2550,1.000000*10^0,1,11,101,1001
sat_cfi_base_4250_c.dmc,1275,2550,1.000000*10^0,1,11,101,1001
sat_cfi_base_4250_d.dmc,1275,2550,1.000000*10^0,1,11,101,1001
sat_cfi_base_4250_e.dmc,1275,2550,1.000000*10^0,1,11,101,1001
sat_cfi_base_4500_a.dmc,1350,2700,1.000000*10^0,1,11,101,1001
sat_cfi_base_4500_b.dmc,1350,2700,1.000000*10^0,1,11,101,1001
sat_cfi_base_4500_c.dmc,1350,2700,1.000000*10^0,1,11,101,1001
sat_cfi_base_4500_d.dmc,1350,2700,1.000000*10^0,1,11,101,1001
sat_cfi_base_4500_e.dmc,1350,2700,1.000000*10^0,1,11,101,1001
sat_cfi_base_4750_a.dmc,1425,2850,1.000000*10^0,1,11,101,1001
sat_cfi_base_4750_b.dmc,1425,2850,1.000000*10^0,1,11,101,1001
sat_cfi_base_4750_c.dmc,1425,2850,1.000000*10^0,1,11,101,1001
sat_cfi_base_4750_d.dmc,1425,2850,1.000000*10^0,1,11,101,1001
sat_cfi_base_4750_e.dmc,1425,2850,1.000000*10^0,1,11,101,1001
sat_cfi_base_5000_a.dmc,1500,3000,1.000000*10^0,1,11,101,1001
sat_cfi_base_5000_b.dmc,1500,3000,1.000000*10^0,1,11,101,1001
sat_cfi_base_5000_c.dmc,1500,3000,1.000000*10^0,1,11,101,1001
sat_cfi_base_5000_d.dmc,1500,3000,1.000000*10^0,1,11,101,1001
sat_cfi_base_5000_e.dmc,1500,3000,1.000000*10^0,1,11,101,1001
sat_cfi_base_5250_a.dmc,1575,3150,1.000000*10^0,1,11,101,1001
sat_cfi_base_5250_b.dmc,1575,3150,1.000000*10^0,1,11,101,1001
sat_cfi_base_5250_c.dmc,1575,3150,1.000000*10^0,1,11,101,1001
sat_cfi_base_5250_d.dmc,1575,3150,1.000000*10^0,1,11,101,1001
sat_cfi_base_5250_e.dmc,1575,3150,1.000000*10^0,1,11,101,1001
sat_cfi_base_5500_a.dmc,1650,3300,1.000000*10^0,1,11,101,1001
sat_cfi_base_5500_b.dmc,1650,3300,1.000000*10^0,1,11,101,1001
sat_cfi_base_5500_c.dmc,1650,3300,1.000000*10^0,1,11,101,1001
sat_cfi_base_5500_d.dmc,1650,3300,1.000000*10^0,1,11,101,1001
sat_cfi_base_5500_e.dmc,1650,3300,1.000000*10^0,1,11,101,1001
sat_cfi_base_5750_a.dmc,1725,3450,1.000000*10^0,1,11,101,1001
sat_cfi_base_5750_b.dmc,1725,3450,1.000000*10^0,1,11,101,1001
sat_cfi_base_5750_c.dmc,1725,3450,1.000000*10^0,1,11,101,1001
sat_cfi_base_5750_d.dmc,1725,3450,1.000000*10^0,1,11,101,1001
sat_cfi_base_5750_e.dmc,1725,3450,1.000000*10^0,1,11,101,1001
sat_cfi_base_6000_a.dmc,1800,3600,1.000000*10^0,1,11,101,1001
sat_cfi_base_6000_b.dmc,1800,3600,1.000000*10^0,1,11,101,1001
sat_cfi_base_6000_c.dmc,1800,3600,1.000000*10^0,1,11,101,1001
sat_cfi_base_6000_d.dmc,1800,3600,1.000000*10^0,1,11,101,1001
sat_cfi_base_6000_e.dmc,1800,3600,1.000000*10^0,1,11,101,1001
sat_cfi_base_6250_a.dmc,1875,3750,1.000000*10^0,1,11,101,1001
sat_cfi_base_6250_b.dmc,1875,3750,1.000000*10^0,1,11,101,1001
sat_cfi_base_6250_c.dmc,1875,3750,1.000000*10^0,1,11,101,1001
sat_cfi_base_6250_d.dmc,1875,3750,1.000000*10^0,1,11,101,1001
sat_cfi_base_6250_e.dmc,1875,3750,1.000000*10^0,1,11,101,1001
sat_cfi_base_6500_a.dmc,1950,3900,1.000000*10^0,1,11,101,1001
sat_cfi_base_6500_b.dmc,1950,3900,1.000000*10^0,1,11,101,1001
sat_cfi_base_6500_c.dmc,1950,3900,1.000000*10^0,1,11,101,1001
sat_cfi_base_6500_d.dmc,1950,3900,1.000000*10^0,1,11,101,1001
sat_cfi_base_6500_e.dmc,1950,3900,1.000000*10^0,1,11,101,1001
sat_cfi_base_6750_a.dmc,2025,4050,1.000000*10^0,1,11,101,1001
sat_cfi_base_6750_b.dmc,2025,4050,1.000000*10^0,1,11,101,1001
sat_cfi_base_6750_c.dmc,2025,4050,1.000000*10^0,1,11,101,1001
sat_cfi_base_6750_d.dmc,2025,4050,1.000000*10^0,1,11,101,1001
sat_cfi_base_6750_e.dmc,2025,4050,1.000000*10^0,1,11,101,1001
sat_cfi_base_7000_a.dmc,2100,4200,1.000000*10^0,1,11,101,1001
sat_cfi_base_7000_b.dmc,2100,4200,1.000000*10^0,1,11,101,1001
sat_cfi_base_7000_c.dmc,2100,4200,1.000000*10^0,1,11,101,1001
sat_cfi_base_7000_d.dmc,2100,4200,1.000000*10^0,1,11,101,1001
sat_cfi_base_7000_e.dmc,2100,4200,1.000000*10^0,1,11,101,1001
sat_cfi_base_7250_a.dmc,2175,4350,1.000000*10^0,1,11,101,1001
sat_cfi_base_7250_b.dmc,2175,4350,1.000000*10^0,1,11,101,1001
sat_cfi_base_7250_c.dmc,2175,4350,1.000000*10^0,1,11,101,1001
sat_cfi_base_7250_d.dmc,2175,4350,1.000000*10^0,1,11,101,1001
sat_cfi_base_7250_e.dmc,2175,4350,1.000000*10^0,1,11,101,1001
sat_cfi_base_7500_a.dmc,2250,4500,1.000000*10^0,1,11,101,1001
sat_cfi_base_7500_b.dmc,2250,4500,1.000000*10^0,1,11,101,1001
sat_cfi_base_7500_c.dmc,2250,4500,1.000000*10^0,1,11,101,1001
sat_cfi_base_7500_d.dmc,2250,4500,1.000000*10^0,1,11,101,1001
sat_cfi_base_7500_e.dmc,2250,4500,1.000000*10^0,1,11,101,1001
sat_cfi_base_7750_a.dmc,2325,4650,1.000000*10^0,1,11,101,1001
sat_cfi_base_7750_b.dmc,2325,4650,1.000000*10^0,1,11,101,1001
sat_cfi_base_7750_c.dmc,2325,4650,1.000000*10^0,1,11,101,1001
sat_cfi_base_7750_d.dmc,2325,4650,1.000000*10^0,1,11,101,1001
sat_cfi_base_7750_e.dmc,2325,4650,1.000000*10^0,1,11,101,1001
sat_cfi_base_8000_a.dmc,2400,4800,1.000000*10^0,1,11,101,1001
sat_cfi_base_8000_b.dmc,2400,4800,1.000000*10^0,1,11,101,1001
sat_cfi_base_8000_c.dmc,2400,4800,1.000000*10^0,1,11,101,1001
sat_cfi_base_8000_d.dmc,2400,4800,1.000000*10^0,1,11,101,1001
sat_cfi_base_8000_e.dmc,2400,4800,1.000000*10^0,1,11,101,1001
sat_cfi_mult_0100_a.dmc,100,240,1.000000*10^0,7,37,307,3007
sat_cfi_mult_0100_b.dmc,100,240,1.000000*10^0,7,37,307,3007
sat_cfi_mult_0200_a.dmc,200,480,1.000000*10^0,7,37,307,3007
sat_cfi_mult_0200_b.dmc,200,480,1.000000*10^0,7,37,307,3007
sat_cfi_mult_0300_a.dmc,300,720,1.000000*10^0,7,37,307,3007
sat_cfi_mult_0300_b.dmc,300,720,1.000000*10^0,7,37,307,3007
sat_cfi_mult_0400_a.dmc,400,960,1.000000*10^0,15,55,415,4015
sat_cfi_mult_0400_b.dmc,400,960,1.000000*10^0,15,55,415,4015
sat_cfi_mult_0500_a.dmc,500,1200,1.000000*10^0,7,37,307,3007
sat_cfi_mult_0500_b.dmc,500,1200,1.000000*10^0,7,37,307,3007
sat_cfi_mult_0600_a.dmc,600,1440,1.000000*10^0,7,37,307,3007
sat_cfi_mult_0600_b.dmc,600,1440,1.000000*10^0,15,55,415,4015
sat_cfi_mult_0700_a.dmc,700,1680,1.000000*10^0,7,37,307,3007
sat_cfi_mult_0700_b.dmc,700,1680,1.000000*10^0,15,55,415,4015
sat_cfi_mult_0800_a.dmc,800,1920,1.000000*10^0,31,81,531,5031
sat_cfi_mult_0800_b.dmc,800,1920,1.000000*10^0,15,55,415,4015
sat_cfi_mult_0900_a.dmc,900,2160,1.000000*10^0,31,81,531,5031
sat_cfi_mult_0900_b.dmc,900,2160,1.000000*10^0,15,55,415,4015
sat_cfi_mult_1000_a.dmc,1000,2400,1.000000*10^0,31,81,531,5031
sat_cfi_mult_1000_b.dmc,1000,2400,1.000000*10^0,15,55,415,4015
sat_cfi_mult_2000_a.dmc,2000,4800,1.000000*10^0,255,335,1055,8255
sat_cfi_mult_2000_b.dmc,2000,4800,1.000000*10^0,63,123,663,6063
sat_cfi_mult_2000_c.dmc,2000,4800,1.000000*10^0,63,123,663,6063
sat_cfi_mult_2000_d.dmc,2000,4800,1.000000*10^0,255,335,1055,8255
sat_cfi_mult_2000_e.dmc,2000,4800,1.000000*10^0,31,81,531,5031
sat_cfi_mult_2250_a.dmc,2250,5400,1.000000*10^0,63,123,663,6063
sat_cfi_mult_2250_b.dmc,2250,5400,1.000000*10^0,63,123,663,6063
sat_cfi_mult_2250_c.dmc,2250,5400,1.000000*10^0,127,197,827,7127
sat_cfi_mult_2250_d.dmc,2250,5400,1.000000*10^0,127,197,827,7127
sat_cfi_mult_2250_e.dmc,2250,5400,1.000000*10^0,127,197,827,7127
sat_cfi_mult_2500_a.dmc,2500,6000,1.000000*10^0,63,123,663,6063
sat_cfi_mult_2500_b.dmc,2500,6000,1.000000*10^0,63,123,663,6063
sat_cfi_mult_2500_c.dmc,2500,6000,1.000000*10^0,63,123,663,6063
sat_cfi_mult_2500_d.dmc,2500,6000,1.000000*10^0,127,197,827,7127
sat_cfi_mult_2500_e.dmc,2500,6000,1.000000*10^0,127,197,827,7127
sat_cfi_mult_2750_a.dmc,2750,6600,1.000000*10^0,255,335,1055,8255
sat_cfi_mult_2750_b.dmc,2750,6600,1.000000*10^0,127,197,827,7127
sat_cfi_mult_2750_c.dmc,2750,6600,1.000000*10^0,511,601,1411,9511
sat_cfi_mult_2750_d.dmc,2750,6600,1.000000*10^0,63,123,663,6063
sat_cfi_mult_2750_e.dmc,2750,6600,1.000000*10^0,511,601,1411,9511
sat_cfi_mult_3000_a.dmc,3000,7200,1.000000*10^0,255,335,1055,8255
sat_cfi_mult_3000_b.dmc,3000,7200,1.000000*10^0,255,335,1055,8255
sat_cfi_mult_3000_c.dmc,3000,7200,1.000000*10^0,127,197,827,7127
sat_cfi_mult_3000_d.dmc,3000,7200,1.000000*10^0,127,197,827,7127
sat_cfi_mult_3000_e.dmc,3000,7200,1.000000*10^0,255,335,1055,8255
sat_cfi_mult_3250_a.dmc,3250,7800,1.000000*10^0,255,335,1055,8255
sat_cfi_mult_3250_b.dmc,3250,7800,1.000000*10^0,255,335,1055,8255
sat_cfi_mult_3250_c.dmc,3250,7800,1.000000*10^0,127,197,827,7127
sat_cfi_mult_3250_d.dmc,3250,7800,1.000000*10^0,255,335,1055,8255
sat_cfi_mult_3250_e.dmc,3250,7800,1.000000*10^0,1023,1123,2023,11023
sat_cfi_mult_3500_a.dmc,3500,8400,1.000000*10^0,255,335,1055,8255
sat_cfi_mult_3500_b.dmc,3500,8400,1.000000*10^0,511,601,1411,9511
sat_cfi_mult_3500_c.dmc,3500,8400,1.000000*10^0,1023,1123,2023,11023
sat_cfi_mult_3500_d.dmc,3500,8400,1.000000*10^0,255,335,1055,8255
sat_cfi_mult_3500_e.dmc,3500,8400,1.000000*10^0,511,601,1411,9511
sat_cfi_mult_3750_a.dmc,3750,9000,1.000000*10^0,511,601,1411,9511
sat_cfi_mult_3750_b.dmc,3750,9000,1.000000*10^0,2047,2157,3147,13047
sat_cfi_mult_3750_c.dmc,3750,9000,1.000000*10^0,63,123,663,6063
sat_cfi_mult_3750_d.dmc,3750,9000,1.000000*10^0,4095,4215,5295,16095
sat_cfi_mult_3750_e.dmc,3750,9000,1.000000*10^0,1023,1123,2023,11023
sat_cfi_mult_4000_a.dmc,4000,9600,1.000000*10^0,255,335,1055,8255
sat_cfi_mult_4000_b.dmc,4000,9600,1.000000*10^0,511,601,1411,9511
sat_cfi_mult_4000_c.dmc,4000,9600,1.000000*10^0,1023,1123,2023,11023
sat_cfi_mult_4000_d.dmc,4000,9600,1.000000*10^0,255,335,1055,8255
sat_cfi_mult_4000_e.dmc,4000,9600,1.000000*10^0,255,335,1055,8255
sat_cfi_mult_4250_a.dmc,4250,10200,1.000000*10^0,511,601,1411,9511
sat_cfi_mult_4250_b.dmc,4250,10200,1.000000*10^0,4095,4215,5295,16095
sat_cfi_mult_4250_c.dmc,4250,10200,1.000000*10^0,511,601,1411,9511
sat_cfi_mult_4250_d.dmc,4250,10200,1.000000*10^0,511,601,1411,9511
sat_cfi_mult_4250_e.dmc,4250,10200,1.000000*10^0,511,601,1411,9511
sat_cfi_mult_4500_a.dmc,4500,10800,1.000000*10^0,2047,2157,3147,13047
sat_cfi_mult_4500_b.dmc,4500,10800,1.000000*10^0,511,601,1411,9511
sat_cfi_mult_4500_c.dmc,4500,10800,1.000000*10^0,4095,4215,5295,16095
sat_cfi_mult_4500_d.dmc,4500,10800,1.000000*10^0,1023,1123,2023,11023
sat_cfi_mult_4500_e.dmc,4500,10800,1.000000*10^0,4095,4215,5295,16095
sat_cfi_mult_4750_a.dmc,4750,11400,1.000000*10^0,16383,16523,17783,30383
sat_cfi_mult_4750_b.dmc,4750,11400,1.000000*10^0,8191,8321,9491,21191
sat_cfi_mult_4750_c.dmc,4750,11400,1.000000*10^0,1023,1123,2023,11023
sat_cfi_mult_4750_d.dmc,4750,11400,1.000000*10^0,8191,8321,9491,21191
sat_cfi_mult_4750_e.dmc,4750,11400,1.000000*10^0,255,335,1055,8255
sat_cfi_mult_5000_a.dmc,5000,12000,1.000000*10^0,1023,1123,2023,11023
sat_cfi_mult_5000_b.dmc,5000,12000,1.000000*10^0,511,601,1411,9511
sat_cfi_mult_5000_c.dmc,5000,12000,1.000000*10^0,4095,4215,5295,16095
sat_cfi_mult_5000_d.dmc,5000,12000,1.000000*10^0,4095,4215,5295,16095
sat_cfi_mult_5000_e.dmc,5000,12000,1.000000*10^0,8191,8321,9491,21191
sat_cfi_mult_5250_a.dmc,5250,12600,1.000000*10^0,32767,32917,34267,47767
sat_cfi_mult_5250_b.dmc,5250,12600,1.000000*10^0,8191,8321,9491,21191
sat_cfi_mult_5250_c.dmc,5250,12600,1.000000*10^0,4095,4215,5295,16095
sat_cfi_mult_5250_d.dmc,5250,12600,1.000000*10^0,1023,1123,2023,11023
sat_cfi_mult_5250_e.dmc,5250,12600,1.000000*10^0,4095,4215,5295,16095
sat_cfi_mult_5500_a.dmc,5500,13200,1.000000*10^0,16383,16523,17783,30383
sat_cfi_mult_5500_b.dmc,5500,13200,1.000000*10^0,4095,4215,5295,16095
sat_cfi_mult_5500_c.dmc,5500,13200,1.000000*10^0,8191,8321,9491,21191
sat_cfi_mult_5500_d.dmc,5500,13200,1.000000*10^0,8191,8321,9491,21191
sat_cfi_mult_5500_e.dmc,5500,13200,1.000000*10^0,4095,4215,5295,16095
sat_cfi_mult_5750_a.dmc,5750,13800,1.000000*10^0,8191,8321,9491,21191
sat_cfi_mult_5750_b.dmc,5750,13800,1.000000*10^0,511,601,1411,9511
sat_cfi_mult_5750_c.dmc,5750,13800,1.000000*10^0,16383,16523,17783,30383
sat_cfi_mult_5750_d.dmc,5750,13800,1.000000*10^0,8191,8321,9491,21191
sat_cfi_mult_5750_e.dmc,5750,13800,1.000000*10^0,2047,2157,3147,13047
sat_cfi_mult_6000_a.dmc,6000,14400,1.000000*10^0,16383,16523,17783,30383
sat_cfi_mult_6000_b.dmc,6000,14400,1.000000*10^0,8191,8321,9491,21191
sat_cfi_mult_6000_c.dmc,6000,14400,1.000000*10^0,4095,4215,5295,16095
sat_cfi_mult_6000_d.dmc,6000,14400,1.000000*10^0,16383,16523,17783,30383
sat_cfi_mult_6000_e.dmc,6000,14400,1.000000*10^0,32767,32917,34267,47767
sat_cfi_mult_6250_a.dmc,6250,15000,1.000000*10^0,8191,8321,9491,21191
sat_cfi_mult_6250_b.dmc,6250,15000,1.000000*10^0,8191,8321,9491,21191
sat_cfi_mult_6250_c.dmc,6250,15000,1.000000*10^0,4095,4215,5295,16095
sat_cfi_mult_6250_d.dmc,6250,15000,1.000000*10^0,8191,8321,9491,21191
sat_cfi_mult_6250_e.dmc,6250,15000,1.000000*10^0,8191,8321,9491,21191
sat_cfi_mult_6500_a.dmc,6500,15600,1.000000*10^0,4095,4215,5295,16095
sat_cfi_mult_6500_b.dmc,6500,15600,1.000000*10^0,8191,8321,9491,21191
sat_cfi_mult_6500_c.dmc,6500,15600,1.000000*10^0,16383,16523,17783,30383
sat_cfi_mult_6500_d.dmc,6500,15600,1.000000*10^0,65535,65695,67135,81535
sat_cfi_mult_6500_e.dmc,6500,15600,1.000000*10^0,8191,8321,9491,21191
sat_cfi_mult_6750_a.dmc,6750,16200,1.000000*10^0,32767,32917,34267,47767
sat_cfi_mult_6750_b.dmc,6750,16200,1.000000*10^0,2047,2157,3147,13047
sat_cfi_mult_6750_c.dmc,6750,16200,1.000000*10^0,32767,32917,34267,47767
sat_cfi_mult_6750_d.dmc,6750,16200,1.000000*10^0,16383,16523,17783,30383
sat_cfi_mult_6750_e.dmc,6750,16200,1.000000*10^0,16383,16523,17783,30383
sat_cfi_mult_7000_a.dmc,7000,16800,1.000000*10^0,65535,65695,67135,81535
sat_cfi_mult_7000_b.dmc,7000,16800,1.000000*10^0,16383,16523,17783,30383
sat_cfi_mult_7000_c.dmc,7000,16800,1.000000*10^0,131071,131241,132771,148071
sat_cfi_mult_7000_d.dmc,7000,16800,1.000000*10^0,32767,32917,34267,47767
sat_cfi_mult_7000_e.dmc,7000,16800,1.000000*10^0,16383,16523,17783,30383
sat_cfi_mult_7250_a.dmc,7250,17400,1.000000*10^0,16383,16523,17783,30383
sat_cfi_mult_7250_b.dmc,7250,17400,1.000000*10^0,16383,16523,17783,30383
sat_cfi_mult_7250_c.dmc,7250,17400,1.000000*10^0,32767,32917,34267,47767
sat_cfi_mult_7250_d.dmc,7250,17400,1.000000*10^0,131071,131241,132771,148071
sat_cfi_mult_7250_e.dmc,7250,17400,1.000000*10^0,32767,32917,34267,47767
sat_cfi_mult_7500_a.dmc,7500,18000,1.000000*10^0,4095,4215,5295,16095
sat_cfi_mult_7500_b.dmc,7500,18000,1.000000*10^0,16383,16523,17783,30383
sat_cfi_mult_7500_c.dmc,7500,18000,1.000000*10^0,32767,32917,34267,47767
sat_cfi_mult_7500_d.dmc,7500,18000,1.000000*10^0,131071,131241,132771,148071
sat_cfi_mult_7500_e.dmc,7500,18000,1.000000*10^0,16383,16523,17783,30383
sat_cfi_mult_7750_a.dmc,7750,18600,1.000000*10^0,8191,8321,9491,21191
sat_cfi_mult_7750_b.dmc,7750,18600,1.000000*10^0,16383,16523,17783,30383
sts-13,26,195,39.000000*10^0,18,49,323,3023
sts-15,35,315,60.000000*10^0,20,56,342,3182
sts-19,57,684,3.000000*10^0,481,750,938,3761
sts-21,70,945,126.000000*10^0,30,94,388,3205
sts-25,100,1650,3.000000*10^0,1140,1189,2185,4248
sts-27,117,2106,486.000000*10^0,42,112,424,3504
sts-31,155,3255,3.000000*10^0,2229,2443,2664,5349
sts-33,176,3960,330.000000*10^0,40,75,358,3161
sts-37,222,5661,3.000000*10^0,3856,5280,6026,10772
sts-39,247,6669,468.000000*10^0,58,95,431,3262
sts-43,301,9030,3.000000*10^0,6129,6384,7794,10535
sts-45,330,10395,360.000000*10^0,125,223,526,3462
sts-49,392,13524,3.000000*10^0,9156,10365,9481,15345
sts-51,425,15300,816.000000*10^0,51,81,459,3243
sts-55,495,19305,3.000000*10^0,13045,19741,13778,16478
sts-57,532,21546,1026.000000*10^0,70,189,470,3277
sts-61,610,26535,3.000000*10^0,17904,22015,31203,24080
sts-63,651,29295,756.000000*10^0,419,346,651,3820
sts-67,737,35376,3.000000*10^0,23841,37925,28899,35630
sts-69,782,38709,1518.000000*10^0,74,162,436,3246
sts-7,7,21,5040.000000*10^0,28,98,728,7028
sts-73,876,45990,3.000000*10^0,30964,35470,40508,38941
sts-75,925,49950,1500.000000*10^0,97,266,987,3830
sts-79,1027,58539,3.000000*10^0,39381,77506,56504,46926
sts-9,12,54,31104.000000*10^0,45,135,945,9045
sts-sw-19-1,57,684,1.000000*10^0,1426,1456,1726,4426
sts-sw-19-10,57,684,1.000000*10^0,1426,1456,1726,4426
sts-sw-19-11,57,684,1.000000*10^0,1426,1456,1726,4426
sts-sw-19-2,57,684,1.000000*10^0,1426,1456,1726,4426
sts-sw-19-3,57,684,1.000000*10^0,1426,1456,1726,4426
sts-sw-19-4,57,684,1.000000*10^0,1426,1456,1726,4426
sts-sw-19-5,57,684,1.000000*10^0,1426,1456,1726,4426
sts-sw-19-6,57,684,1.000000*10^0,1426,1456,1726,4426
sts-sw-19-7,57,684,1.000000*10^0,1426,1456,1726,4426
sts-sw-19-8,57,684,1.000000*10^0,1426,1456,1726,4426
sts-sw-19-9,57,684,1.000000*10^0,1426,1456,1726,4426
sts-sw-21-1,70,945,1.000000*10^0,1961,1991,2261,4961
sts-sw-21-10,70,945,1.000000*10^0,1961,1991,2261,4961
sts-sw-21-11,70,945,1.000000*10^0,1961,1991,2261,4961
sts-sw-21-2,70,945,1.000000*10^0,1961,1991,2261,4961
sts-sw-21-3,70,945,1.000000*10^0,1961,1991,2261,4961
sts-sw-21-4,70,945,1.000000*10^0,1961,1991,2261,4961
sts-sw-21-5,70,945,1.000000*10^0,1961,1991,2261,4961
sts-sw-21-6,70,945,1.000000*10^0,1961,1991,2261,4961
sts-sw-21-7,70,945,1.000000*10^0,1961,1991,2261,4961
sts-sw-21-8,70,945,1.000000*10^0,1961,1991,2261,4961
sts-sw-21-9,70,945,1.000000*10^0,1961,1991,2261,4961
sts-sw-25-1,100,1650,1.000000*10^0,3401,3431,3701,6401
sts-sw-25-10,100,1650,1.000000*10^0,3401,3431,3701,6401
sts-sw-25-11,100,1650,1.000000*10^0,3401,3431,3701,6401
sts-sw-25-2,100,1650,1.000000*10^0,3401,3431,3701,6401
sts-sw-25-3,100,1650,1.000000*10^0,3401,3431,3701,6401
sts-sw-25-4,100,1650,1.000000*10^0,3401,3431,3701,6401
sts-sw-25-5,100,1650,1.000000*10^0,3401,3431,3701,6401
sts-sw-25-6,100,1650,1.000000*10^0,3401,3431,3701,6401
sts-sw-25-7,100,1650,1.000000*10^0,3401,3431,3701,6401
sts-sw-25-8,100,1650,1.000000*10^0,3401,3431,3701,6401
sts-sw-25-9,100,1650,1.000000*10^0,3401,3431,3701,6401
sts-sw-27-1,117,2106,1.000000*10^0,4330,4360,4630,7330
sts-sw-27-10,117,2106,1.000000*10^0,4330,4360,4630,7330
sts-sw-27-11,117,2106,1.000000*10^0,4330,4360,4630,7330
sts-sw-27-2,117,2106,1.000000*10^0,4330,4360,4630,7330
sts-sw-27-3,117,2106,1.000000*10^0,4330,4360,4630,7330
sts-sw-27-4,117,2106,1.000000*10^0,4330,4360,4630,7330
sts-sw-27-5,117,2106,1.000000*10^0,4330,4360,4630,7330
sts-sw-27-6,117,2106,1.000000*10^0,4330,4360,4630,7330
sts-sw-27-7,117,2106,1.000000*10^0,4330,4360,4630,7330
sts-sw-27-8,117,2106,1.000000*10^0,4330,4360,4630,7330
sts-sw-27-9,117,2106,1.000000*10^0,4330,4360,4630,7330
sts-sw-31-1,155,3255,1.000000*10^0,6666,6696,6966,9666
sts-sw-31-10,155,3255,1.000000*10^0,6666,6696,6966,9666
sts-sw-31-11,155,3255,1.000000*10^0,6666,6696,6966,9666
sts-sw-31-2,155,3255,1.000000*10^0,6666,6696,6966,9666
sts-sw-31-3,155,3255,1.000000*10^0,6666,6696,6966,9666
sts-sw-31-4,155,3255,1.000000*10^0,6666,6696,6966,9666
sts-sw-31-5,155,3255,1.000000*10^0,6666,6696,6966,9666
sts-sw-31-6,155,3255,1.000000*10^0,6666,6696,6966,9666
sts-sw-31-7,155,3255,1.000000*10^0,6666,6696,6966,9666
sts-sw-31-8,155,3255,1.000000*10^0,6666,6696,6966,9666
sts-sw-31-9,155,3255,1.000000*10^0,6666,6696,6966,9666
sts-sw-33-1,176,3960,1.000000*10^0,8097,8127,8397,11097
sts-sw-33-10,176,3960,1.000000*10^0,8097,8127,8397,11097
sts-sw-33-11,176,3960,1.000000*10^0,8097,8127,8397,11097
sts-sw-33-2,176,3960,1.000000*10^0,8097,8127,8397,11097
sts-sw-33-3,176,3960,1.000000*10^0,8097,8127,8397,11097
sts-sw-33-4,176,3960,1.000000*10^0,8097,8127,8397,11097
sts-sw-33-5,176,3960,1.000000*10^0,8097,8127,8397,11097
sts-sw-33-6,176,3960,1.000000*10^0,8097,8127,8397,11097
sts-sw-33-7,176,3960,1.000000*10^0,8097,8127,8397,11097
sts-sw-33-8,176,3960,1.000000*10^0,8097,8127,8397,11097
sts-sw-33-9,176,3960,1.000000*10^0,8097,8127,8397,11097
sts-sw-37-1,222,5661,1.000000*10^0,11545,11575,11845,14545
sts-sw-37-10,222,5661,1.000000*10^0,11545,11575,11845,14545
sts-sw-37-11,222,5661,1.000000*10^0,11545,11575,11845,14545
sts-sw-37-2,222,5661,1.000000*10^0,11545,11575,11845,14545
sts-sw-37-3,222,5661,1.000000*10^0,11545,11575,11845,14545
sts-sw-37-4,222,5661,1.000000*10^0,11545,11575,11845,14545
sts-sw-37-5,222,5661,1.000000*10^0,11545,11575,11845,14545
sts-sw-37-6,222,5661,1.000000*10^0,11545,11575,11845,14545
sts-sw-37-7,222,5661,1.000000*10^0,11545,11575,11845,14545
sts-sw-37-8,222,5661,1.000000*10^0,11545,11575,11845,14545
sts-sw-37-9,222,5661,1.000000*10^0,11545,11575,11845,14545
sts-sw-39-1,247,6669,1.000000*10^0,13586,13616,13886,16586
sts-sw-39-10,247,6669,1.000000*10^0,13586,13616,13886,16586
sts-sw-39-11,247,6669,1.000000*10^0,13586,13616,13886,16586
sts-sw-39-2,247,6669,1.000000*10^0,13586,13616,13886,16586
sts-sw-39-3,247,6669,1.000000*10^0,13586,13616,13886,16586
sts-sw-39-4,247,6669,1.000000*10^0,13586,13616,13886,16586
sts-sw-39-5,247,6669,1.000000*10^0,13586,13616,13886,16586
sts-sw-39-6,247,6669,1.000000*10^0,13586,13616,13886,16586
sts-sw-39-7,247,6669,1.000000*10^0,13586,13616,13886,16586
sts-sw-39-8,247,6669,1.000000*10^0,13586,13616,13886,16586
sts-sw-39-9,247,6669,1.000000*10^0,13586,13616,13886,16586
sts-sw-43-1,301,9030,1.000000*10^0,18362,18392,18662,21362
sts-sw-43-10,301,9030,1.000000*10^0,18362,18392,18662,21362
sts-sw-43-11,301,9030,1.000000*10^0,18362,18392,18662,21362
sts-sw-43-2,301,9030,1.000000*10^0,18362,18392,18662,21362
sts-sw-43-3,301,9030,1.000000*10^0,18362,18392,18662,21362
sts-sw-43-4,301,9030,1.000000*10^0,18362,18392,18662,21362
sts-sw-43-5,301,9030,1.000000*10^0,18362,18392,18662,21362
sts-sw-43-6,301,9030,1.000000*10^0,18362,18392,18662,21362
sts-sw-43-7,301,9030,1.000000*10^0,18362,18392,18662,21362
sts-sw-43-8,301,9030,1.000000*10^0,18362,18392,18662,21362
sts-sw-43-9,301,9030,1.000000*10^0,18362,18392,18662,21362
sts-sw-45-1,330,10395,1.000000*10^0,21121,21151,21421,24121
sts-sw-45-10,330,10395,1.000000*10^0,21121,21151,21421,24121
sts-sw-45-11,330,10395,1.000000*10^0,21121,21151,21421,24121
sts-sw-45-2,330,10395,1.000000*10^0,21121,21151,21421,24121
sts-sw-45-3,330,10395,1.000000*10^0,21121,21151,21421,24121
sts-sw-45-4,330,10395,1.000000*10^0,21121,21151,21421,24121
sts-sw-45-5,330,10395,1.000000*10^0,21121,21151,21421,24121
sts-sw-45-6,330,10395,1.000000*10^0,21121,21151,21421,24121
sts-sw-45-7,330,10395,1.000000*10^0,21121,21151,21421,24121
sts-sw-45-8,330,10395,1.000000*10^0,21121,21151,21421,24121
sts-sw-45-9,330,10395,1.000000*10^0,21121,21151,21421,24121
sts-sw-49-1,392,13524,1.000000*10^0,27441,27471,27741,30441
sts-sw-49-10,392,13524,1.000000*10^0,27441,27471,27741,30441
sts-sw-49-11,392,13524,1.000000*10^0,27441,27471,27741,30441
sts-sw-49-2,392,13524,1.000000*10^0,27441,27471,27741,30441
sts-sw-49-3,392,13524,1.000000*10^0,27441,27471,27741,30441
sts-sw-49-4,392,13524,1.000000*10^0,27441,27471,27741,30441
sts-sw-49-5,392,13524,1.000000*10^0,27441,27471,27741,30441
sts-sw-49-6,392,13524,1.000000*10^0,27441,27471,27741,30441
sts-sw-49-7,392,13524,1.000000*10^0,27441,27471,27741,30441
sts-sw-49-8,392,13524,1.000000*10^0,27441,27471,27741,30441
sts-sw-49-9,392,13524,1.000000*10^0,27441,27471,27741,30441
sts-sw-51-1,425,15300,1.000000*10^0,31026,31056,31326,34026
sts-sw-51-10,425,15300,1.000000*10^0,31026,31056,31326,34026
sts-sw-51-11,425,15300,1.000000*10^0,31026,31056,31326,34026
sts-sw-51-2,425,15300,1.000000*10^0,31026,31056,31326,34026
sts-sw-51-3,425,15300,1.000000*10^0,31026,31056,31326,34028
sts-sw-51-4,425,15300,1.000000*10^0,31026,31056,31326,34026
sts-sw-51-5,425,15300,1.000000*10^0,31026,31056,31326,34026
sts-sw-51-6,425,15300,1.000000*10^0,31026,31056,31326,34026
sts-sw-51-7,425,15300,1.000000*10^0,31026,31056,31326,34026
sts-sw-51-8,425,15300,1.000000*10^0,31026,31056,31326,34026
sts-sw-51-9,425,15300,1.000000*10^0,31026,31056,31326,34026
sts-sw-55-1,495,19305,1.000000*10^0,39106,39136,39406,42106
sts-sw-55-10,495,19305,1.000000*10^0,39106,39136,39406,42106
sts-sw-55-11,495,19305,1.000000*10^0,39106,39136,39406,42106
sts-sw-55-2,495,19305,1.000000*10^0,39106,39136,39406,42106
sts-sw-55-3,495,19305,1.000000*10^0,39106,39136,39406,42106
sts-sw-55-4,495,19305,1.000000*10^0,39106,39136,39406,42106
sts-sw-55-5,495,19305,1.000000*10^0,39106,39136,39406,42106
sts-sw-55-6,495,19305,1.000000*10^0,39106,39136,39406,42106
sts-sw-55-7,495,19305,1.000000*10^0,39106,39136,39406,42106
sts-sw-55-8,495,19305,1.000000*10^0,39106,39136,39406,42106
sts-sw-55-9,495,19305,1.000000*10^0,39106,39136,39406,42106
sts-sw-57-1,532,21546,1.000000*10^0,43625,43655,43925,46625
sts-sw-57-10,532,21546,1.000000*10^0,43625,43655,43925,46625
sts-sw-57-11,532,21546,1.000000*10^0,43625,43655,43925,46625
sts-sw-57-2,532,21546,1.000000*10^0,43625,43655,43925,46625
sts-sw-57-3,532,21546,1.000000*10^0,43625,43655,43925,46625
sts-sw-57-4,532,21546,1.000000*10^0,43625,43655,43925,46625
sts-sw-57-5,532,21546,1.000000*10^0,43625,43655,43925,46625
sts-sw-57-6,532,21546,1.000000*10^0,43625,43655,43925,46625
sts-sw-57-7,532,21546,1.000000*10^0,43625,43655,43925,46625
sts-sw-57-8,532,21546,1.000000*10^0,43625,43655,43925,46625
sts-sw-57-9,532,21546,1.000000*10^0,43625,43655,43925,46625
sts-sw-61-1,610,26535,1.000000*10^0,53681,53711,53981,56681
sts-sw-61-10,610,26535,1.000000*10^0,53681,53711,53981,56681
sts-sw-61-11,610,26535,1.000000*10^0,53681,53711,53981,56681
sts-sw-61-2,610,26535,1.000000*10^0,53681,53711,53981,56681
sts-sw-61-3,610,26535,1.000000*10^0,53681,53711,53981,56681
sts-sw-61-4,610,26535,1.000000*10^0,53681,53711,53981,56681
sts-sw-61-5,610,26535,1.000000*10^0,53681,53711,53981,56681
sts-sw-61-6,610,26535,1.000000*10^0,53681,53711,53981,56681
sts-sw-61-7,610,26535,1.000000*10^0,53681,53711,53981,56681
sts-sw-61-8,610,26535,1.000000*10^0,53681,53711,53981,56681
sts-sw-61-9,610,26535,1.000000*10^0,53681,53711,53981,56681
sts-sw-63-1,651,29295,1.000000*10^0,59242,59272,59542,62242
sts-sw-63-10,651,29295,1.000000*10^0,59242,59272,59542,62242
sts-sw-63-11,651,29295,1.000000*10^0,59242,59272,59542,62242
sts-sw-63-2,651,29295,1.000000*10^0,59242,59272,59542,62242
sts-sw-63-3,651,29295,1.000000*10^0,59242,59272,59542,62242
sts-sw-63-4,651,29295,1.000000*10^0,59242,59272,59542,62242
sts-sw-63-5,651,29295,1.000000*10^0,59242,59272,59542,62242
sts-sw-63-6,651,29295,1.000000*10^0,59242,59272,59542,62242
sts-sw-63-7,651,29295,1.000000*10^0,59242,59272,59542,62242
sts-sw-63-8,651,29295,1.000000*10^0,59242,59272,59542,62242
sts-sw-63-9,651,29295,1.000000*10^0,59242,59272,59542,62242
sts-sw-67-1,737,35376,1.000000*10^0,71490,71520,71790,74490
sts-sw-67-10,737,35376,1.000000*10^0,71490,71520,71790,74490
sts-sw-67-11,737,35376,1.000000*10^0,71490,71520,71790,74490
sts-sw-67-2,737,35376,1.000000*10^0,71490,71520,71790,74490
sts-sw-67-3,737,35376,1.000000*10^0,71490,71520,71790,74490
sts-sw-67-4,737,35376,1.000000*10^0,71490,71520,71790,74490
sts-sw-67-5,737,35376,1.000000*10^0,71490,71520,71790,74490
sts-sw-67-6,737,35376,1.000000*10^0,71490,71520,71790,74490
sts-sw-67-7,737,35376,1.000000*10^0,71490,71520,71790,74490
sts-sw-67-8,737,35376,1.000000*10^0,71490,71520,71790,74490
sts-sw-67-9,737,35376,1.000000*10^0,71490,71520,71790,74490
sts-sw-69-1,782,38709,1.000000*10^0,78201,78231,78501,81201
sts-sw-69-10,782,38709,1.000000*10^0,78201,78231,78501,81201
sts-sw-69-11,782,38709,1.000000*10^0,78201,78231,78501,81201
sts-sw-69-2,782,38709,1.000000*10^0,78201,78231,78501,81201
sts-sw-69-3,782,38709,1.000000*10^0,78201,78231,78501,81201
sts-sw-69-4,782,38709,1.000000*10^0,78201,78231,78501,81201
sts-sw-69-5,782,38709,1.000000*10^0,78201,78231,78501,81201
sts-sw-69-6,782,38709,1.000000*10^0,78201,78231,78501,81201
sts-sw-69-7,782,38709,1.000000*10^0,78201,78231,78501,81201
sts-sw-69-8,782,38709,1.000000*10^0,78201,78231,78501,81201
sts-sw-69-9,782,38709,1.000000*10^0,78201,78231,78501,81201
sts-sw-73-1,876,45990,1.000000*10^0,92857,92887,93157,95857
sts-sw-73-10,876,45990,1.000000*10^0,92857,92887,93157,95857
sts-sw-73-11,876,45990,1.000000*10^0,92857,92887,93157,95857
sts-sw-73-2,876,45990,1.000000*10^0,92857,92887,93157,95857
sts-sw-73-3,876,45990,1.000000*10^0,92857,92887,93157,95857
sts-sw-73-4,876,45990,1.000000*10^0,92857,92887,93157,95857
sts-sw-73-5,876,45990,1.000000*10^0,92857,92887,93157,95857
sts-sw-73-6,876,45990,1.000000*10^0,92857,92887,93157,95857
sts-sw-73-7,876,45990,1.000000*10^0,92857,92887,93157,95857
sts-sw-73-8,876,45990,1.000000*10^0,92857,92887,93157,95857
sts-sw-73-9,876,45990,1.000000*10^0,92857,92887,93157,95857
sts-sw-75-1,925,49950,1.000000*10^0,100826,100856,101126,103826
sts-sw-75-10,925,49950,1.000000*10^0,100826,100856,101126,103826
sts-sw-75-11,925,49950,1.000000*10^0,100826,100856,101126,103826
sts-sw-75-2,925,49950,1.000000*10^0,100826,100856,101126,103826
sts-sw-75-3,925,49950,1.000000*10^0,100826,100856,101126,103826
sts-sw-75-4,925,49950,1.000000*10^0,100826,100856,101126,103826
sts-sw-75-5,925,49950,1.000000*10^0,100826,100856,101126,103826
sts-sw-75-6,925,49950,1.000000*10^0,100826,100856,101126,103826
sts-sw-75-7,925,49950,1.000000*10^0,100826,100856,101126,103826
sts-sw-75-8,925,49950,1.000000*10^0,100826,100856,101126,103826
sts-sw-75-9,925,49950,1.000000*10^0,100826,100856,101126,103826
sts-sw-79-1,1027,58539,1.000000*10^0,118106,118136,118406,121106
sts-sw-79-10,1027,58539,1.000000*10^0,118106,118136,118406,121106
sts-sw-79-11,1027,58539,1.000000*10^0,118106,118136,118406,121106
sts-sw-79-2,1027,58539,1.000000*10^0,118106,118136,118406,121106
sts-sw-79-3,1027,58539,1.000000*10^0,118106,118136,118406,121106
sts-sw-79-4,1027,58539,1.000000*10^0,118106,118136,118406,121106
sts-sw-79-5,1027,58539,1.000000*10^0,118106,118136,118406,121106
sts-sw-79-6,1027,58539,1.000000*10^0,118106,118136,118406,121106
sts-sw-79-7,1027,58539,1.000000*10^0,118106,118136,118406,121106
sts-sw-79-8,1027,58539,1.000000*10^0,118106,118136,118406,121106
sts-sw-79-9,1027,58539,1.000000*10^0,118106,118136,118406,121106
tnn(1)_26-1,26,72,128.000000*10^0,70,112,706,6704
tnn(1)_26-2,26,72,2048.000000*10^0,84,166,1040,9729
triang-10,45,360,3628800.000000*10^0,52,142,952,9052
triang-11,55,495,39916800.000000*10^0,63,163,1063,10063
triang-12,66,660,479001600.000000*10^0,75,185,1175,11075
triang-13,78,858,6227020800.000000*10^0,88,208,1288,12088
triang-14,91,1092,8.717829*10^10,102,232,1402,13102
triang-15,105,1365,130.767437*10^10,117,257,1517,14117
triang-16,120,1680,2092.278989*10^10,133,283,1633,15133
triang-17,136,2040,35568.742810*10^10,150,310,1750,16150
triang-18,153,2448,640237.370573*10^10,168,338,1868,17168
triang-19,171,2907,12164510.040883*10^10,187,367,1987,18187
triang-20,190,3420,243290200.817664*10^10,207,397,2107,19207
triang-21,210,3990,5109094217.170942*10^10,228,428,2228,20228
triang-22,231,4620,11.240007*10^20,250,460,2350,21250
triang-23,253,5313,258.520167*10^20,273,493,2473,22273
triang-24,276,6072,6204.484017*10^20,297,527,2597,23297
triang-25,300,6900,155112.100433*10^20,322,562,2722,24322
triang-26,325,7800,4032914.611266*10^20,348,598,2848,25348
triang-27,351,8775,108888694.504184*10^20,375,635,2975,26375
triang-28,378,9828,3048883446.117138*10^20,403,673,3103,27403
triang-29,406,10962,8.841762*10^30,432,712,3232,28432
triang-30,435,12180,265.252860*10^30,462,752,3362,29462
triang-4,6,12,48.000000*10^0,10,50,410,4010
triang-5,10,30,120.000000*10^0,12,52,412,4012
triang-6,15,60,720.000000*10^0,18,68,518,5018
triang-7,21,105,5040.000000*10^0,25,85,625,6025
triang-8,28,168,40320.000000*10^0,33,103,733,7033
triang-9,36,252,362880.000000*10^0,42,122,842,8042
usr(1)_29-1,29,203,3.000000*10^0,170,197,472,3196
usr(1)_29-2,29,203,1.000000*10^0,436,466,736,3436
